0.0	0.0	0.0	0.0	0.0	0.0	0.0	0.0	0.0	0.0	0.0	0.0	0.0	0.0	0.0	0.0	0.0	0.0	0.0	0.0	0.0	0.0	0.0	0.0	0.0	0.0	0.0	0.0	0.0	0.0	0.0
-0.2783161997795105	1.21330988407135	-0.2811260223388672	-2.115692138671875	-1.048338770866394	0.7771520018577576	-0.29037588834762573	1.3570631742477417	-0.7142640352249146	-0.37127766013145447	0.567640483379364	-1.5241163969039917	-0.1288929581642151	-0.17857205867767334	-1.834730863571167	0.31275784969329834	3.0701282024383545	-2.368919610977173	-0.15395042300224304	1.0921714305877686	1.1719475984573364	0.957141637802124	-0.4047897458076477	1.833704948425293	-0.6261157989501953	0.582593560218811	-0.36092409491539	-1.5412055253982544	0.0598304308950901	0.04594632238149643	0.6883865594863892
1.4254093170166016	-0.7986798882484436	-1.2978914976119995	2.1077749729156494	0.6359483599662781	-1.8228839635849	-0.8547976613044739	-0.0326988659799099	-0.23552079498767853	-0.45133623480796814	0.271100252866745	-1.501198649406433	1.1415414810180664	0.7387367486953735	-0.578359067440033	-1.0920072793960571	-0.41830283403396606	-0.5276670455932617	0.9046075344085693	0.6647530198097229	0.6416932940483093	-1.475837230682373	0.07001426070928574	1.1400138139724731	-1.553382396697998	0.9059739112854004	0.6150056719779968	1.6133686304092407	-0.4853765368461609	0.8310760259628296	0.7912386655807495
-0.49155160784721375	-1.1825437545776367	-0.22893469035625458	-1.447322964668274	-0.5834715962409973	-0.16972391307353973	0.07829868048429489	0.10772894322872162	0.16959337890148163	0.5286067128181458	-1.223220944404602	0.018593886867165565	-0.1707456409931183	0.25662797689437866	-0.3772292137145996	-0.4510904550552368	-0.09056021273136139	-0.0699722170829773	-0.5320882201194763	1.3901554346084595	-0.8792806267738342	0.3858450651168823	-2.5655274391174316	-0.378225713968277	1.6495286226272583	0.4535767734050751	-0.35907939076423645	0.8491554260253906	-0.5449963212013245	-0.5825842022895813	0.14434121549129486
-1.3132829666137695	0.3461928367614746	-0.8029472231864929	0.06517081707715988	-0.10158620774745941	0.5536864399909973	-0.23617956042289734	-0.40361741185188293	-0.7307446002960205	-0.6928443312644958	-1.765835165977478	-0.3508235216140747	-0.8733136653900146	0.456978440284729	1.433804988861084	-1.3759469985961914	0.27412787079811096	0.23444363474845886	0.15345700085163116	-0.9196147918701172	1.047192096710205	-0.31279459595680237	-0.29807642102241516	0.9209854602813721	-0.4601558744907379	0.6431758999824524	0.5793478488922119	0.6481528282165527	0.1874612271785736	-0.44850221276283264	-0.1506231278181076
-0.6428185105323792	0.3177993893623352	-1.5572896003723145	-1.0654841661453247	0.7470517158508301	2.5492312908172607	0.22450418770313263	-1.162266492843628	0.14660899341106415	-1.3255802392959595	-0.9392942786216736	-0.07106754183769226	-0.1240716204047203	-0.5028111338615417	-0.8975428938865662	-1.1871001720428467	-0.7337827086448669	-0.731789231300354	-1.4311336278915405	-0.649668276309967	0.2822841703891754	1.127511978149414	-0.34921297430992126	-1.1630545854568481	0.7856859564781189	0.2638692557811737	0.9092832803726196	0.7432413101196289	0.09944527596235275	0.5381890535354614	0.18411751091480255
1.0914286375045776	-0.3278329372406006	0.9313709735870361	-2.2013046741485596	-1.178318738937378	-0.863735020160675	-1.0920219421386719	-0.9271494150161743	1.2238807678222656	0.28908413648605347	0.517646849155426	0.36057010293006897	0.06803517043590546	-1.0429481267929077	1.6078205108642578	-1.9861074686050415	-1.2106852531433105	-1.9928966760635376	0.40767282247543335	0.6265336275100708	-0.8208951950073242	-0.35796236991882324	0.5128200650215149	-0.04402393102645874	-0.31999850273132324	1.673231601715088	0.4928528070449829	0.9306578040122986	0.6675630807876587	-2.6618945598602295	-0.939638078212738
-0.32241523265838623	-0.9354712963104248	0.4588608145713806	-0.8139944672584534	-1.3746637105941772	-1.044999361038208	-0.779887855052948	-1.1776005029678345	-0.03321268409490585	0.27986976504325867	1.0582404136657715	0.23888209462165833	-0.4060344696044922	-0.5234525203704834	-0.8706369400024414	-0.47396573424339294	-2.0153305530548096	1.537806510925293	-0.29580992460250854	-0.4965655505657196	0.9517470002174377	0.3436799943447113	-1.38038969039917	-0.33825233578681946	-0.3046593964099884	-0.061811160296201706	-0.8204079270362854	1.3969718217849731	-1.0735301971435547	1.2514114379882812	-1.1975332498550415
0.12199494242668152	0.3741798996925354	0.05973685532808304	-0.7610658407211304	-0.5713090300559998	-0.11007755249738693	-0.7396366000175476	0.2225767821073532	-0.14764557778835297	-0.3534214496612549	1.22171151638031	-0.36555764079093933	-0.8526513576507568	0.1404702216386795	-0.8442773818969727	-0.9609694480895996	1.498093605041504	-0.024567807093262672	0.0071752178482711315	-0.5577921867370605	1.3335628509521484	0.5363796949386597	0.18257352709770203	1.177539348602295	0.04540342092514038	0.545112669467926	-1.1399192810058594	1.8220065832138062	0.6685760617256165	0.9184023141860962	1.0257786512374878
1.478524923324585	-0.17933668196201324	-1.00580632686615	-1.0208488702774048	1.0190879106521606	0.11795492470264435	0.7550922632217407	0.6379151344299316	-1.386907935142517	1.681622862815857	0.3401626646518707	0.23388537764549255	1.3511186838150024	0.3027802109718323	0.3772137761116028	-0.02985858917236328	-2.5442347526550293	-0.24432924389839172	-1.7619869709014893	-0.09265583008527756	-0.47980207204818726	-1.0695992708206177	0.21738171577453613	1.7241601943969727	-1.3499205112457275	1.4294291734695435	0.9553483128547668	-0.39111950993537903	-1.0416738986968994	1.5480109453201294	0.901324987411499
-0.20765642821788788	-1.3625280857086182	-1.0628403425216675	2.4754412174224854	0.3957979679107666	0.264163076877594	-0.26485270261764526	-0.786645233631134	0.938162624835968	-0.1584433764219284	1.1959575414657593	0.9061985611915588	-0.3287363350391388	-0.5248445272445679	0.5836787819862366	0.6544164419174194	2.15256404876709	-0.5457183122634888	0.032339587807655334	0.4857621192932129	1.345277190208435	0.4036461114883423	0.7654930949211121	0.3385472893714905	0.12157882004976273	-0.4982532858848572	1.1379063129425049	0.32978299260139465	0.6337554454803467	2.229710817337036	-1.2520241737365723
-1.3481937646865845	-0.05894404649734497	0.43338853120803833	-0.21195459365844727	-0.6409032940864563	0.4123483896255493	0.01387858297675848	0.8848221898078918	2.315746307373047	-0.24444811046123505	-0.808258056640625	-0.5058756470680237	-0.4465903639793396	0.3548886179924011	-0.10632796585559845	0.12017016857862473	0.3959920406341553	0.4339196979999542	0.604448676109314	0.5297362208366394	0.4110713303089142	-1.123380184173584	-0.01317118015140295	0.3661597967147827	0.35463079810142517	2.1989643573760986	-0.9807713627815247	0.12833340466022491	1.2693380117416382	-2.8859541416168213	0.15719370543956757
0.46432989835739136	-1.839346170425415	0.41562655568122864	-0.43914690613746643	0.5156742930412292	0.37256941199302673	0.0641414076089859	0.9834346175193787	-0.3353252410888672	0.3098745346069336	-0.9439414143562317	-1.3976249694824219	-0.10062254965305328	-0.11358067393302917	2.299326181411743	0.6830651164054871	0.020116064697504044	-0.29286494851112366	-1.0651670694351196	-0.15957766771316528	0.3190893828868866	-0.9617950320243835	-0.04802689328789711	0.07522252202033997	1.8084526062011719	0.04927589371800423	0.10624227672815323	3.4453396797180176	-2.408980369567871	-0.14211417734622955	-0.5562276840209961
1.5998809337615967	1.585678219795227	2.5863397121429443	1.1608396768569946	-0.37261900305747986	0.17498520016670227	-0.31741195917129517	-1.257861614227295	0.7546382546424866	0.1269623190164566	-0.4519372880458832	-0.004571990575641394	-1.1324775218963623	-1.066326379776001	-0.2939992845058441	-1.7532237768173218	2.940192461013794	1.8255106210708618	0.8662340641021729	-0.11777973175048828	-1.5317795276641846	0.3255549371242523	-0.5304597616195679	0.04666857048869133	-0.7755739688873291	1.0520999431610107	-1.9812712669372559	0.053379688411951065	0.43228450417518616	-0.21109148859977722	-0.9148032069206238
1.229158878326416	0.33310839533805847	1.4856899976730347	0.8427280187606812	-0.10776515305042267	-0.05049990117549896	-0.22798150777816772	-1.0972434282302856	-0.07497673481702805	-1.382881760597229	-1.0062488317489624	0.4222416877746582	0.12287873774766922	-0.8073353171348572	-0.13408449292182922	1.3184361457824707	-0.28665629029273987	0.1648997962474823	-0.7836077213287354	0.1924869567155838	-0.16652774810791016	-1.901244878768921	0.4335513710975647	-1.0355266332626343	-1.6363838911056519	-0.6274712681770325	0.626924455165863	1.6920218467712402	-0.26639172434806824	0.3102622628211975	0.08098962157964706
-0.26560449600219727	0.3762451708316803	-1.040012240409851	-0.21185557544231415	0.39594775438308716	-0.7571560144424438	0.00448970589786768	-0.8066816329956055	1.9789845943450928	-1.981364130973816	-0.5586689710617065	0.6475364565849304	-2.012216567993164	-0.08655305206775665	0.36045217514038086	-0.08787786215543747	0.4961957633495331	-0.17813630402088165	-1.5254257917404175	-0.2658716142177582	1.7868094444274902	2.5716447830200195	0.4951672852039337	-2.4194536209106445	1.2587921619415283	0.6680005788803101	-0.36943718791007996	0.9149078130722046	-1.6131539344787598	0.1880946308374405	0.5312103629112244
-1.735716462135315	-1.2466588020324707	-2.1707923412323	1.1535073518753052	2.1762704849243164	-1.8356136083602905	-0.2403116673231125	-0.13291321694850922	-0.9861242175102234	2.07565975189209	0.9155032634735107	1.1086667776107788	-0.23064641654491425	0.3538336455821991	-0.40528538823127747	-0.7541985511779785	1.5551127195358276	0.12850534915924072	-0.4623849093914032	-1.0356098413467407	-0.03703717514872551	0.25088033080101013	-0.21453234553337097	-1.1929924488067627	-1.1707956790924072	-1.580391526222229	0.6605116128921509	0.5822011232376099	-0.3637543320655823	-0.029875466600060463	-0.4947124719619751
0.7053750157356262	-1.1272571086883545	-0.5615245699882507	-1.2986609935760498	0.47747090458869934	-1.3518071174621582	-1.7366628646850586	-0.4941672384738922	0.12446517497301102	-0.6703147888183594	-0.6149479150772095	-0.5405522584915161	0.6447129249572754	-0.2637350559234619	0.6632626056671143	-0.07751671224832535	-0.9372639060020447	1.043092966079712	1.113865613937378	0.0969647690653801	-0.416797935962677	-0.1728234738111496	2.801485061645508	0.03981897979974747	0.8593502640724182	-1.813547968864441	-2.322603702545166	2.6300911903381348	1.4099493026733398	0.015553387813270092	0.4206266701221466
0.20227183401584625	-1.0506113767623901	-1.847182035446167	-1.9507774114608765	-1.899750828742981	-0.5367736220359802	-0.4679069221019745	0.5174214243888855	-0.9034997224807739	0.36150190234184265	-1.0836530923843384	1.3476060628890991	0.45567020773887634	0.5292211174964905	-1.6864534616470337	0.0645320788025856	1.088604211807251	-0.24155385792255402	0.734055757522583	-0.03464493900537491	0.1999243050813675	-1.3457913398742676	1.3383055925369263	-1.1268895864486694	1.5503422021865845	-0.012857132591307163	0.24658119678497314	-0.6898475289344788	1.3113505840301514	0.9800916910171509	0.5974904298782349
-1.170593023300171	-1.487565040588379	0.5209823846817017	-1.062552809715271	0.6304868459701538	-1.4389792680740356	-0.20111165940761566	1.111220121383667	-1.7126893997192383	-1.1229488849639893	0.6259933114051819	-0.28505101799964905	0.29466763138771057	2.071105480194092	-0.35116687417030334	1.0028817653656006	2.08563494682312	0.648759126663208	0.15761837363243103	1.8354361057281494	0.2944193184375763	-0.04994405433535576	1.6252267360687256	-0.3693728446960449	0.6956515312194824	-1.1175765991210938	0.26341527700424194	-0.3574714660644531	-0.386260986328125	-0.8324173092842102	0.5709636807441711
0.15394003689289093	-0.19138798117637634	0.08474371582269669	0.25223034620285034	-1.8558263778686523	-1.7719436883926392	-0.4471000134944916	0.19575966894626617	-0.5546072721481323	-1.4065250158309937	0.15312056243419647	-0.6942194104194641	0.005366934929043055	1.385833501815796	0.7339704632759094	-1.4587963819503784	0.12284380197525024	-0.5332615375518799	1.650038242340088	-1.2271695137023926	-1.0080970525741577	0.7357693910598755	0.3985968232154846	-1.8078569173812866	0.49175578355789185	0.9919511079788208	-1.1396340131759644	-0.5469897985458374	-0.9256241321563721	-0.5703056454658508	-0.12249933928251266
-0.9140757322311401	-1.1542043685913086	0.2859339416027069	0.9364175200462341	-0.4761238098144531	-0.9253159165382385	-0.4517844021320343	1.4488123655319214	-1.3295364379882812	-0.8032345771789551	-1.2189427614212036	-0.48950082063674927	-0.9801535606384277	-1.8686573505401611	-0.1644897609949112	-0.4887450933456421	-1.8036768436431885	1.244750738143921	1.1753953695297241	0.40912553668022156	1.9900543689727783	-1.182055950164795	-0.27765095233917236	0.8760574460029602	-0.35638758540153503	-0.17424319684505463	-0.5626175999641418	-0.6537841558456421	-0.5014441013336182	-0.17164143919944763	-0.6070948243141174
-1.3891394138336182	0.17900700867176056	1.3756319284439087	-0.22223052382469177	0.6156720519065857	-0.6679374575614929	-1.2452677488327026	1.6354362964630127	0.7144721746444702	1.0027211904525757	-1.0323206186294556	0.6884520053863525	0.7899923324584961	-0.21247564256191254	-1.2802389860153198	0.3545798659324646	0.6537680625915527	-0.06971725821495056	0.7978716492652893	-0.34027278423309326	-1.2089216709136963	-1.2760766744613647	1.055345892906189	0.1472935527563095	0.9730027914047241	-1.1076966524124146	0.0051778219640254974	-0.21117043495178223	0.015291794203221798	0.2643318474292755	-2.5496926307678223
0.6416646242141724	0.10798660665750504	1.0948898792266846	0.39314547181129456	-0.5274065136909485	-1.404823899269104	-1.6789389848709106	0.7935068011283875	-0.6473336815834045	-0.47567084431648254	-0.07440244406461716	-1.863153100013733	0.8093277812004089	-0.8111277222633362	-0.3089028000831604	-0.8378244042396545	-0.7184008955955505	1.1856271028518677	-0.44857481122016907	-0.3373534381389618	-0.09047763049602509	0.20798416435718536	-0.8239638209342957	-0.7698851823806763	-0.416373610496521	0.1461271494626999	-1.5150750875473022	-1.338935136795044	-0.409758061170578	0.700402021408081	0.6348617076873779
-1.7675849199295044	0.18562069535255432	-0.7350315451622009	0.9745075702667236	0.5559225082397461	-0.09039707481861115	2.0878419876098633	0.5744220018386841	-0.5986155271530151	0.08661818504333496	-1.568926215171814	-0.5056838989257812	-0.11624684929847717	1.5140541791915894	0.6976290941238403	1.2892130613327026	-0.18397147953510284	-1.2985128164291382	-0.30090197920799255	1.3445240259170532	0.10704803466796875	0.8312279582023621	1.702408790588379	-0.1238706186413765	-0.8314171433448792	-0.44032084941864014	-1.3894239664077759	-0.4122779071331024	-0.49308541417121887	-0.5825595259666443	-0.8818748593330383
-1.0452425479888916	0.7064629793167114	-1.0811212062835693	-0.27001988887786865	0.9316657781600952	-0.6472161412239075	1.0096156597137451	-1.339167833328247	-0.04833071306347847	-1.5093300342559814	0.2547318935394287	0.38161444664001465	-1.1699551343917847	-0.975794792175293	-0.6217769384384155	-1.6218860149383545	-1.5474424362182617	-0.04848098382353783	-0.6889011263847351	0.519721508026123	-0.8344807028770447	-0.3138331472873688	0.8917387127876282	1.619858741760254	0.8363882899284363	0.2153940498828888	0.3788955509662628	0.6751257181167603	1.0460498332977295	-2.0239014625549316	0.6618442535400391
0.351755827665329	0.8119667172431946	-0.15259550511837006	-0.12170293182134628	-0.1719033122062683	-0.7208312153816223	2.0819201469421387	0.19102978706359863	0.04806842282414436	-1.0792386531829834	-0.1711968034505844	-0.5944066047668457	0.7515535354614258	-0.19641412794589996	0.2754683792591095	-1.8942506313323975	-0.6044293642044067	-0.608222484588623	-0.26506420969963074	2.976792812347412	0.8341543078422546	1.0592232942581177	1.3830208778381348	0.022588906809687614	1.5340319871902466	1.0420689582824707	0.006635476369410753	0.5133739709854126	-1.4418919086456299	-1.06209135055542	-1.5428824424743652
0.903307318687439	2.0283725261688232	0.160143181681633	1.0171403884887695	0.684205949306488	0.8216077089309692	0.9654215574264526	1.696138620376587	-0.428184449672699	0.20895403623580933	-0.12903638184070587	-1.3353899717330933	-0.9382022023200989	1.1632987260818481	-2.9126312732696533	-1.030624508857727	-0.2405988872051239	1.190526008605957	-0.07355978339910507	2.4053640365600586	0.4852285087108612	0.9798652529716492	0.5773524641990662	0.4125460386276245	-0.22369247674942017	1.7805382013320923	0.028853140771389008	0.6588881015777588	-0.29670169949531555	0.8369722962379456	-1.0625019073486328
1.5461704730987549	-0.335628867149353	1.2634949684143066	0.430934876203537	-1.6413267850875854	-2.2101829051971436	1.0449061393737793	-0.09231219440698624	0.02852153405547142	-2.803785562515259	-0.8289602398872375	-0.5876657962799072	0.5999699234962463	-1.6491854190826416	-0.4711250960826874	1.4338033199310303	-2.059048652648926	0.775577962398529	1.3234857320785522	-1.0108333826065063	0.9241040945053101	0.22183267772197723	-0.5318732857704163	2.0783193111419678	0.6794008612632751	1.5786970853805542	1.0443230867385864	-0.06957712024450302	0.15433990955352783	0.28250959515571594	0.12373696267604828
1.3780308961868286	1.1817725896835327	0.7189594507217407	1.7895863056182861	0.7590590119361877	0.36380642652511597	1.3510175943374634	1.2707370519638062	0.11664827913045883	0.4938565194606781	0.21217092871665955	0.82172030210495	1.6779183149337769	0.15462082624435425	-1.2453182935714722	1.9151053428649902	-1.7200738191604614	-0.19499355554580688	0.6670657396316528	-0.2576430141925812	1.3892680406570435	-0.38098829984664917	0.3294069766998291	0.28794604539871216	-0.07543135434389114	1.5248339176177979	1.0292696952819824	0.20518140494823456	-0.06784192472696304	-0.9460304379463196	0.5273324847221375
-0.6387107968330383	1.6392791271209717	1.2541720867156982	-0.01891569048166275	-1.6641871929168701	-0.8252344131469727	0.4140024781227112	-0.5067208409309387	0.4108993709087372	1.4396052360534668	-0.4844319820404053	0.8195805549621582	-0.6543628573417664	-0.04782647639513016	1.1750761270523071	0.5790651440620422	-1.2693055868148804	2.341668128967285	-1.074826955795288	-0.10877839475870132	-2.640554428100586	-1.2379711866378784	-0.2274659425020218	0.5064549446105957	-0.628828227519989	1.8017141819000244	-0.6692972779273987	-0.3649131655693054	0.7584607601165771	0.23264180123806	-1.4183523654937744
-1.6565622091293335	1.3252743482589722	-3.2913808822631836	-1.4097564220428467	-0.03605291247367859	0.6595272421836853	1.188234567642212	0.27173346281051636	-0.7224154472351074	-0.645734429359436	-0.37719297409057617	0.7741565704345703	0.4203328490257263	-0.1915990710258484	0.7178107500076294	-0.5273957848548889	0.9610885977745056	-0.6543188095092773	0.8593122363090515	-0.8427314758300781	-1.0037610530853271	0.10395917296409607	-0.26129525899887085	-0.21182316541671753	0.6388288140296936	-0.6128153204917908	-0.9302449226379395	0.16652922332286835	0.08855411410331726	-1.6090844869613647	0.387318879365921
0.4217399060726166	-0.08122871816158295	0.5567672252655029	0.08146028965711594	-0.7590769529342651	0.27121028304100037	0.6478771567344666	-0.7357098460197449	-1.4562968015670776	0.3142080008983612	-0.32049620151519775	1.3969403505325317	0.5792406797409058	-0.882733941078186	1.7728239297866821	0.2172703891992569	-0.6452957987785339	-0.23428048193454742	0.19072312116622925	-2.5175552368164062	-0.2606574296951294	-0.17375145852565765	-0.5730595588684082	1.4997127056121826	-0.9550206065177917	-1.5983800888061523	-1.249813437461853	0.1761797070503235	0.35741597414016724	1.1131590604782104	0.5645483732223511
-1.2776539325714111	-2.7910513877868652	0.03758271411061287	1.0516793727874756	0.5439512729644775	0.39760854840278625	1.1835145950317383	-0.09218312054872513	-1.6296298503875732	0.9282629489898682	-0.10471273213624954	0.6967043280601501	-2.746575117111206	-0.6833364963531494	0.594356894493103	-0.8571343421936035	0.4647245407104492	-0.24371875822544098	-1.986544132232666	0.7834843993186951	1.5012017488479614	-0.8624383211135864	-2.0426130294799805	1.4228508472442627	0.9712041616439819	0.2661375105381012	0.9894455075263977	0.6481439471244812	0.15846122801303864	-1.8930128812789917	1.6641926765441895
-0.32087045907974243	0.2923549711704254	0.44113844633102417	-0.48162975907325745	-0.3007737398147583	-0.34343665838241577	-1.7199710607528687	1.097152829170227	-0.26030051708221436	-1.5013707876205444	-0.5473456382751465	0.9853000640869141	-1.19286048412323	0.3645184338092804	-1.6459698677062988	-1.7966548204421997	-3.009559392929077	-0.3837950527667999	0.25069212913513184	1.2905824184417725	-0.3876309096813202	-0.4221423864364624	-1.1759926080703735	0.4238627552986145	-0.1403140276670456	-0.9851768612861633	1.6068751811981201	0.996809720993042	-1.2558997869491577	-0.952800989151001	-0.013242938555777073
1.3120884895324707	-0.465279757976532	0.9875205159187317	0.06646744906902313	1.5423754453659058	-0.9569066762924194	0.2032862901687622	-0.6054661273956299	0.30790361762046814	-0.5963004231452942	-1.6248425245285034	0.3539345860481262	0.5704162120819092	0.4126322567462921	-0.04755740985274315	0.29848572611808777	-0.03499913588166237	-1.8921911716461182	1.685560941696167	0.46196094155311584	0.6571094989776611	0.6349196434020996	2.300222396850586	0.22935527563095093	-1.204772710800171	1.6450600624084473	-0.6714579463005066	0.7393258810043335	-0.7825087308883667	-1.1788592338562012	0.825394868850708
0.4394548237323761	-0.534183144569397	-0.7465783357620239	1.5895740985870361	-0.19910673797130585	-0.3561338484287262	0.8004454374313354	-1.3988620042800903	1.1972649097442627	-0.7150946259498596	-1.4016437530517578	1.1684937477111816	0.6078919172286987	0.22132651507854462	-0.6310383677482605	-0.7509768009185791	-2.8056282997131348	-0.7569106221199036	0.9748643040657043	-1.8558429479599	-0.3379962742328644	-0.06847264617681503	-0.33148863911628723	-0.26295483112335205	1.4622950553894043	-0.8090294599533081	0.5697881579399109	-0.6863887906074524	-1.9117814302444458	-2.1299526691436768	-1.0451349020004272
-1.6155133247375488	0.1973632127046585	0.5598263740539551	-1.7952280044555664	0.32226303219795227	-0.9898018836975098	-0.34466665983200073	-1.6736376285552979	0.11780311167240143	1.171913981437683	-0.8961447477340698	-0.44242316484451294	2.3210349082946777	-0.42071446776390076	0.06363596022129059	0.5068306922912598	0.3202683627605438	-0.05179737135767937	1.650444746017456	-1.6352444887161255	1.0080610513687134	0.8105358481407166	-0.0367434099316597	-0.1418798267841339	0.8527804613113403	0.882667601108551	0.14767077565193176	-0.7779515981674194	0.67638099193573	0.7093334794044495	0.8642085194587708
-0.16143043339252472	1.1725707054138184	-0.04421577602624893	-1.1048630475997925	-1.3671530485153198	0.7669005990028381	-1.0206457376480103	-0.36053726077079773	0.7375405430793762	-0.30867165327072144	-1.7671470642089844	0.6334094405174255	-0.5122276544570923	1.1780019998550415	-0.7252389192581177	-0.38117146492004395	-1.1885566711425781	-1.4492480754852295	2.0784800052642822	2.3385236263275146	0.3636707067489624	-0.3827808201313019	-0.36124640703201294	0.29908522963523865	0.7290329933166504	0.7722583413124084	-0.23267564177513123	1.370815396308899	-0.2830125093460083	0.6968436241149902	0.34664055705070496
-0.5763368606567383	0.46526986360549927	0.5070721507072449	-0.48083800077438354	0.46418872475624084	-0.2411264032125473	-0.05497608706355095	-0.33653801679611206	-0.16316045820713043	0.8087269067764282	-1.4425634145736694	-2.0253334045410156	-0.4530668258666992	-0.5942268967628479	-0.5740166902542114	-1.0511445999145508	0.1400032341480255	-1.3132386207580566	-0.8654687404632568	-1.381094217300415	0.28255099058151245	-0.437317430973053	-0.4143695831298828	-0.5368741750717163	-1.8653782606124878	-0.36076194047927856	-1.4269455671310425	0.9762993454933167	1.6887294054031372	1.0957227945327759	0.44203510880470276
-0.9462860822677612	2.1178863048553467	-0.08689285814762115	0.6941325664520264	-1.7524100542068481	0.5389041304588318	-1.0160130262374878	-1.664899230003357	-1.983055830001831	0.7641552686691284	0.8478205800056458	0.5423970818519592	-1.432631492614746	-0.19324825704097748	-0.8634358644485474	-0.5651187300682068	-2.1902518272399902	-0.16555635631084442	-0.22955399751663208	-0.32782837748527527	-0.35763147473335266	0.3073815703392029	0.8869789242744446	-0.5711495876312256	-0.11288715898990631	-1.928246021270752	1.318727731704712	-3.6813087463378906	-0.13558103144168854	-0.3674093186855316	-1.4390859603881836
0.6750859022140503	2.261272668838501	0.16428279876708984	0.7121075987815857	-0.39631831645965576	0.6743248701095581	1.1302247047424316	-1.4607775211334229	1.2001901865005493	0.2743629813194275	-0.381974995136261	0.1004963293671608	-1.2058228254318237	-0.4508655369281769	0.4692039489746094	-1.4298392534255981	-1.0032912492752075	-1.7363148927688599	1.5073665380477905	1.094821810722351	-1.2555365562438965	-0.9505639672279358	0.7667308449745178	0.16619862616062164	-1.2450679540634155	0.6060876250267029	-1.4248707294464111	1.9258314371109009	-0.2816707491874695	-2.3179590702056885	0.36303168535232544
0.595414400100708	1.1693453788757324	-1.1140059232711792	0.10082574188709259	-0.4085756838321686	-1.0517313480377197	-1.127296805381775	1.0018161535263062	0.39585742354393005	-1.2224094867706299	1.1541194915771484	0.4755967855453491	-0.2894425094127655	1.0313761234283447	-1.0112031698226929	0.5446010231971741	-0.45061570405960083	0.36563965678215027	2.118725538253784	-0.46422210335731506	-0.07181882858276367	-0.20899464190006256	-0.5639538168907166	0.7592313289642334	-0.45679083466529846	0.8457000851631165	1.2088991403579712	0.5106085538864136	0.4936303496360779	0.5978885293006897	-2.9224660396575928
0.917881965637207	1.2007049322128296	0.7869089841842651	0.6627612113952637	-0.681559681892395	-0.6967999935150146	0.8734763860702515	0.3666110932826996	1.5680805444717407	-0.5442882180213928	0.62379390001297	-0.5191963315010071	2.822993516921997	1.094950556755066	0.22779709100723267	0.13314566016197205	-0.4703756272792816	-1.51780104637146	-0.41310274600982666	-1.1662747859954834	-1.2117843627929688	-1.8482435941696167	1.9294379949569702	0.17124314606189728	-1.0278314352035522	0.07234284281730652	-0.6148838400840759	-0.32255345582962036	-0.8327009081840515	0.41604986786842346	-0.39659327268600464
-0.8657588362693787	0.7690989971160889	-0.9749829769134521	-0.3991883397102356	0.472184419631958	-1.1791328191757202	2.450838088989258	-0.21483780443668365	1.859165072441101	0.4321126937866211	1.7331537008285522	-2.4384310245513916	0.03114224597811699	-0.3189021944999695	0.7191543579101562	1.0506504774093628	0.6877281665802002	1.6296846866607666	1.2077609300613403	0.12385262548923492	0.6533910036087036	-0.5227041840553284	-1.0447489023208618	-1.0893113613128662	0.8856332898139954	0.04200538247823715	1.964627742767334	-1.0235456228256226	-2.221529960632324	-0.29508769512176514	-1.3037395477294922
0.07245605438947678	1.248485803604126	1.6318284273147583	0.10622259974479675	-0.015913130715489388	-0.5751643776893616	0.913118302822113	0.9414592385292053	-1.5818359851837158	0.7228335738182068	0.320085734128952	1.6401504278182983	-0.21384096145629883	1.910414218902588	0.4009436070919037	-0.5293627977371216	-1.6963227987289429	0.8582948446273804	1.118219256401062	-0.2320299595594406	-1.7424036264419556	0.8728589415550232	0.060401272028684616	0.049433428794145584	2.8461408615112305	-1.5399430990219116	0.9089043140411377	-1.6625722646713257	-0.23958617448806763	-1.5446281433105469	2.1446433067321777
0.5758000016212463	0.7333722114562988	-0.4090767204761505	-0.6104877591133118	-2.5638036727905273	0.5115302801132202	-0.3445027470588684	0.020623188465833664	0.41503623127937317	-1.2708860635757446	-0.6410647630691528	-1.6649818420410156	0.5174956917762756	0.04049594700336456	0.6590617895126343	-1.0193902254104614	-1.050987720489502	0.7673937082290649	-1.3005123138427734	0.13097035884857178	1.5109925270080566	0.024282926693558693	-1.9864124059677124	0.27492326498031616	-0.07078678160905838	0.8186972141265869	-0.20374155044555664	-0.6221961975097656	-0.5753591060638428	-0.9005028009414673	1.008116364479065
0.6809124946594238	0.6047580242156982	0.25388196110725403	-0.8974635601043701	0.7465710639953613	-0.6519777178764343	0.4721090793609619	0.5578539371490479	-0.9940397143363953	0.40968021750450134	-0.4923798441886902	0.40078282356262207	-1.4744048118591309	-0.27126768231391907	0.11162426322698593	0.793785572052002	-1.0543642044067383	-0.28624844551086426	-0.9271979331970215	0.3145883083343506	1.3274465799331665	-0.7619278430938721	-2.2996325492858887	-0.20752505958080292	-0.9104315042495728	-0.25389936566352844	2.257342576980591	-0.14594748616218567	0.7583991289138794	1.4763072729110718	-1.4282512664794922
0.5920297503471375	-0.5932977199554443	0.6494985222816467	-0.39185473322868347	0.5570600628852844	-0.2588672637939453	-0.5902801752090454	0.012174809351563454	0.0783100426197052	-1.3126962184906006	-0.36325475573539734	-0.5812839269638062	0.6414986848831177	-0.990246593952179	-2.220050096511841	0.6067547798156738	-1.1974684000015259	0.8153610825538635	1.063090205192566	0.779891312122345	0.0012673817109316587	-0.5656166076660156	0.8042689561843872	-0.2509758472442627	-0.5997728705406189	0.6445462107658386	0.026803331449627876	1.0874260663986206	0.539053201675415	-0.6522447466850281	0.05020323023200035
-0.7252438068389893	-0.5336546301841736	0.7466198205947876	0.7098574042320251	1.8064210414886475	0.09029091894626617	-1.0612819194793701	0.25966042280197144	-1.571850299835205	-0.09643243253231049	1.0384122133255005	-2.140606641769409	0.5154403448104858	-0.6904767155647278	-0.6926143169403076	0.22574420273303986	2.2330353260040283	-0.9739432334899902	0.7075319886207581	-0.6134961843490601	0.11495919525623322	0.9986529350280762	1.1470918655395508	-1.0232107639312744	0.24841530621051788	0.805112898349762	-0.48820728063583374	0.9491946697235107	-0.046853598207235336	1.635538101196289	0.04044110327959061
-0.3848732113838196	1.6307754516601562	0.20406270027160645	-0.4587317705154419	-0.9543327689170837	0.9366053938865662	-0.231235072016716	1.113614797592163	-2.04117751121521	1.3335895538330078	0.20958302915096283	-1.8068691492080688	1.2384231090545654	0.2755754888057709	1.1473227739334106	-0.24200667440891266	0.127396821975708	-0.33504924178123474	-0.05940403416752815	-0.2032179832458496	-1.004574179649353	-1.2953089475631714	0.059226635843515396	-1.580345869064331	-1.4507817029953003	-0.050209518522024155	0.7685883045196533	0.9527060985565186	0.30715444684028625	-0.5421628952026367	-0.7446998357772827
0.35522931814193726	0.015432138927280903	0.8151905536651611	-0.4078525900840759	0.303937703371048	-0.657073438167572	-1.3425524234771729	0.8016876578330994	-0.2735440135002136	1.7187014818191528	0.3908871114253998	0.3543458580970764	0.46225807070732117	0.23578058183193207	0.7723131775856018	1.098723292350769	-0.9001654386520386	1.2511191368103027	0.6806373596191406	-0.7968522310256958	-1.4014517068862915	-1.3753913640975952	-0.40564408898353577	-0.28884458541870117	-0.43319979310035706	0.510645866394043	0.5013400912284851	0.1432785987854004	0.033046655356884	1.1500126123428345	-0.1545494645833969
-2.613224983215332	0.26317328214645386	-0.520397961139679	1.041905164718628	-0.279765784740448	-0.07707825303077698	0.3160853981971741	-0.3779436945915222	0.826086163520813	0.06028541177511215	0.9419816136360168	-0.400118350982666	-0.11938781291246414	1.1626867055892944	-0.07054486870765686	-1.0462878942489624	0.7795641422271729	0.4252968728542328	-1.7180322408676147	-2.6410000324249268	0.5223726630210876	-0.4541657269001007	1.0267771482467651	-1.0668295621871948	-1.363831877708435	-1.6993173360824585	0.6397141218185425	1.678102970123291	-0.15589503943920135	-0.562284529209137	0.31560102105140686
0.7502819299697876	-0.2259632647037506	1.1407767534255981	-1.5720008611679077	-0.14814434945583344	0.720910370349884	0.04086577892303467	0.3445526659488678	0.3511342704296112	0.40860316157341003	0.15409153699874878	1.151070475578308	-0.40198779106140137	0.6434031128883362	0.2876371443271637	-0.6594129204750061	1.4875495433807373	0.9391940236091614	-1.3724756240844727	1.104966163635254	-0.05529845505952835	0.2640521824359894	0.9126552939414978	0.12101894617080688	-0.5558590292930603	0.10837063938379288	0.35984084010124207	0.30369263887405396	0.16237585246562958	-1.3632620573043823	-0.13483105599880219
1.144500494003296	-1.4315872192382812	-0.2704891264438629	-1.929260492324829	0.4927743971347809	-0.7091060280799866	-0.12016531825065613	0.32814130187034607	1.046868920326233	-1.1525003910064697	0.12707655131816864	-0.8514161705970764	1.001314640045166	0.9544089436531067	1.2210532426834106	-0.45527970790863037	0.531826376914978	-0.10626352578401566	-1.9412423372268677	1.009212613105774	0.29866325855255127	0.11018537729978561	1.3092279434204102	-0.17999260127544403	-0.6151242256164551	0.9107645750045776	1.7936408519744873	1.2706434726715088	0.4931960105895996	-0.27275723218917847	-1.2400362491607666
1.0481890439987183	1.095853567123413	0.45066750049591064	-0.5086022615432739	-0.05512183904647827	0.7232105731964111	1.5150305032730103	0.04760383069515228	1.6091094017028809	0.7752155661582947	-2.254910469055176	0.8690783381462097	-1.6485596895217896	0.30882617831230164	1.2996448278427124	2.157179355621338	-0.2829672694206238	0.3750876784324646	-1.0313888788223267	0.7424049973487854	-0.0678555890917778	0.7210781574249268	-0.7009974718093872	0.019983138889074326	-0.3313383460044861	0.6287721395492554	2.128610372543335	-0.6239115595817566	0.16529563069343567	1.6391185522079468	-0.008466223254799843
-0.4193974733352661	-0.14593423902988434	-1.3812538385391235	0.8529358506202698	-0.1387188732624054	0.04586217924952507	-0.6032574772834778	-0.30424708127975464	-0.514110803604126	0.17286114394664764	1.6578037738800049	-1.1506787538528442	-0.5682533979415894	-1.0415655374526978	-0.8644998669624329	1.819343090057373	-0.5838035345077515	-0.10018805414438248	0.5300307273864746	-0.014469174668192863	0.761418879032135	0.14523231983184814	-0.40285542607307434	-0.5778045654296875	0.19896197319030762	-1.2613803148269653	-0.7943917512893677	0.7840191125869751	-0.527067244052887	-0.8057153224945068	0.276021271944046
-0.09357050806283951	1.1760133504867554	0.5069255828857422	-0.8341149091720581	-1.3650742769241333	1.7952070236206055	0.34432458877563477	-1.3341338634490967	-0.5211701989173889	-0.29421281814575195	0.8904947638511658	1.0235261917114258	0.6769158244132996	0.4717126190662384	0.5037864446640015	-0.7694956660270691	0.5185362696647644	0.6040764451026917	2.020479202270508	0.9492451548576355	-1.0435295104980469	0.2545054852962494	-1.6725146770477295	0.28459107875823975	1.2248696088790894	-0.7443333864212036	0.7101356387138367	1.6985056400299072	-0.20295512676239014	-2.371025800704956	-0.5063478350639343
0.684688925743103	0.45288869738578796	0.6255319118499756	0.09686487168073654	-0.9342983961105347	-1.7500449419021606	-0.7573456168174744	0.152241051197052	0.47207269072532654	0.6604458689689636	1.1931111812591553	0.7793130874633789	0.6374989748001099	-0.1857938915491104	0.3135146200656891	-0.14029943943023682	-0.6117110252380371	0.6618138551712036	0.2548902630805969	-0.41080841422080994	-0.45121780037879944	0.3938814401626587	-0.5977612137794495	-0.38677459955215454	-0.027319034561514854	0.3113599121570587	1.7079824209213257	1.1035172939300537	0.3016669750213623	-0.07054963707923889	-0.09877599030733109
-0.16470031440258026	1.4584403038024902	0.8822957277297974	-2.532406806945801	0.5863813161849976	-0.49952560663223267	0.10286997258663177	-0.01758498325943947	1.7940400838851929	0.8791535496711731	-1.004254698753357	1.4507310390472412	-1.0620181560516357	0.8052496910095215	-0.6769752502441406	0.5386753082275391	0.1099829450249672	-0.30973294377326965	1.377877116203308	-0.6173766255378723	0.7442038655281067	0.4660963714122772	0.2636508047580719	0.5779016017913818	1.9278556108474731	1.1337603330612183	1.4741320610046387	-0.051430169492959976	-1.687148094177246	0.3492222726345062	-0.7861426472663879
-0.32055553793907166	-0.8530495166778564	1.1969505548477173	-1.7656636238098145	0.7682826519012451	0.7522170543670654	1.4759880304336548	-1.0428136587142944	0.19600409269332886	0.26665887236595154	-0.3052472174167633	-0.6972648501396179	-0.1777242124080658	1.2096644639968872	-0.6950764060020447	-0.12806865572929382	-0.7297749519348145	-0.9882897734642029	-0.9500356912612915	-0.35397008061408997	-0.28409603238105774	-0.039874300360679626	0.6383398771286011	-0.5164217352867126	-0.7582690715789795	-0.48564332723617554	1.2916041612625122	1.4848246574401855	0.3707997500896454	-0.36724114418029785	-0.9675464034080505
-0.4216032326221466	-0.5119930505752563	-0.5077126622200012	-0.11643180251121521	0.29490506649017334	-0.43480706214904785	-0.3526431918144226	2.331057071685791	1.3113181591033936	1.5738929510116577	1.0253313779830933	0.5093780755996704	-1.0394095182418823	-0.1027236133813858	-0.18239273130893707	-0.008847066201269627	1.3066632747650146	-0.08899789303541183	-1.1708552837371826	0.6017538905143738	-0.35306981205940247	0.7533255815505981	0.22275367379188538	-1.2708660364151	2.275092840194702	1.1476067304611206	0.9430099725723267	1.1681721210479736	-1.74485182762146	-0.8154798746109009	0.2719860374927521
-0.35595154762268066	1.8058829307556152	-0.2945283055305481	0.14656023681163788	0.19593499600887299	0.028322385624051094	1.5704536437988281	0.33070364594459534	1.8656079769134521	1.8853199481964111	-0.18285337090492249	1.6723841428756714	0.5541031360626221	0.591701865196228	-0.1404469609260559	-0.3567713499069214	-0.7762121558189392	-1.6656852960586548	0.5004526972770691	0.8050710558891296	-1.1291546821594238	-0.09430846571922302	0.24171891808509827	-2.586005687713623	0.30536261200904846	-1.1046220064163208	-0.05999453738331795	0.0891290083527565	0.14237841963768005	0.4842988848686218	2.720571279525757
-1.2870142459869385	-0.20037466287612915	-0.9788955450057983	0.6186486482620239	-0.11649338155984879	-0.9583585858345032	-1.0212174654006958	-1.0276697874069214	2.2066657543182373	0.9313521385192871	0.24728792905807495	0.5234443545341492	-0.4843240976333618	1.6242998838424683	-0.994821310043335	0.7548202872276306	-0.8996297717094421	-0.25504225492477417	-0.2683815062046051	-2.363187074661255	1.031704306602478	0.005497823003679514	-1.1793079376220703	0.9317720532417297	1.8703444004058838	-0.21344658732414246	-0.37083426117897034	0.12025155872106552	-0.5581519603729248	0.8741739392280579	-0.3670855760574341
1.397586464881897	-0.6678430438041687	-0.6584160923957825	0.8396981954574585	-0.2813437283039093	-0.06058068946003914	1.3165594339370728	1.2856214046478271	-0.6149855256080627	1.0228129625320435	-0.6880485415458679	-1.110135793685913	0.3437080681324005	-0.2164429873228073	-0.1868443340063095	0.46838733553886414	-0.463098406791687	-0.01241553109139204	-0.4690220355987549	-2.0396735668182373	-0.2085118144750595	-0.2282121330499649	0.2734214663505554	1.7455370426177979	1.0722267627716064	0.8594586849212646	0.3801904320716858	0.6864186525344849	-0.7916423082351685	-0.2839522063732147	1.6710649728775024
0.32229146361351013	-0.7285277843475342	0.14388716220855713	-1.5543992519378662	-0.9140653014183044	-0.04384605213999748	-1.2289485931396484	-1.0979641675949097	0.22163978219032288	0.9978184700012207	-0.43860507011413574	0.05878501012921333	-1.5214121341705322	-0.9693570137023926	0.7043373584747314	0.8727284669876099	0.29207199811935425	-0.5259354710578918	-1.680670976638794	-0.621677041053772	0.38094455003738403	-0.1769973337650299	0.13047227263450623	-0.9358727931976318	1.7412443161010742	0.6077916026115417	0.18553029000759125	-0.7374123334884644	-0.35324981808662415	2.587209701538086	0.12677550315856934
1.2432148456573486	-0.7817262411117554	0.08017471432685852	0.8484075665473938	1.2766234874725342	-0.26218143105506897	-0.994688093662262	-0.35777339339256287	1.199065089225769	-0.7860034108161926	-1.7437982559204102	0.08812819421291351	0.938895046710968	0.33947882056236267	0.694222629070282	-0.699512243270874	-0.02392878383398056	0.08296550065279007	-0.860846757888794	1.798890471458435	-0.15158897638320923	-0.580756664276123	-0.1280025988817215	1.0109719038009644	-0.002172330394387245	-0.9786338210105896	1.3352365493774414	0.6574816703796387	-0.27813079953193665	-0.8187277913093567	0.04886133596301079
-0.35990527272224426	1.7319821119308472	0.584954559803009	1.256872296333313	-0.446725994348526	0.8053913712501526	-1.2474919557571411	0.5676278471946716	-0.571215808391571	0.9661232233047485	0.0625712126493454	1.5776197910308838	-0.40280529856681824	-0.8251426815986633	-0.20171348750591278	0.3319535255432129	-0.638530433177948	-0.2214861363172531	-0.13947592675685883	-0.8787784576416016	-0.2711428999900818	-2.1248726844787598	0.25771579146385193	-0.7400916218757629	0.5175090432167053	-0.5996271967887878	0.26348787546157837	-0.5082078576087952	-2.5883986949920654	-1.3950201272964478	0.13033021986484528
0.6726052761077881	0.6165792346000671	-0.009249444119632244	0.9323234558105469	-0.5434256792068481	-1.4723764657974243	-0.36128872632980347	-0.7941620349884033	0.5006757378578186	-0.33588868379592896	0.9003083109855652	-0.5528842210769653	0.003718721680343151	-1.910425066947937	0.4412294924259186	0.39045917987823486	-0.8094573616981506	-0.19501864910125732	0.06008904054760933	0.14660802483558655	0.7158277034759521	-1.1510893106460571	-0.12399053573608398	0.17247623205184937	1.076351284980774	-1.256260633468628	-0.5654527544975281	-0.8025639057159424	-0.3854133188724518	-0.0055474210530519485	0.9687772989273071
-0.44712260365486145	-1.2879817485809326	0.15582779049873352	0.44108641147613525	1.1888692378997803	-0.07304520905017853	1.8995217084884644	-0.2946763038635254	0.7189292311668396	-0.5888639688491821	0.3840253949165344	-0.050828125327825546	0.62651526927948	0.6654008626937866	-1.661639928817749	1.5560619831085205	-0.1424814611673355	0.2648877799510956	0.613490879535675	1.2082258462905884	-0.12285012751817703	-0.9491745233535767	0.1523364931344986	-0.42422157526016235	0.4789423942565918	-1.5244181156158447	0.7170000672340393	-1.4923535585403442	1.6417404413223267	-1.059787631034851	1.2545875310897827
1.7040621042251587	-0.3795318007469177	0.44114410877227783	1.4006178379058838	2.665949583053589	-0.1837087869644165	0.7303981781005859	-0.6214892864227295	-1.1052979230880737	-1.305542230606079	0.5149610042572021	1.0450828075408936	-0.6231684684753418	-0.05902959778904915	-0.5202832221984863	-0.46214771270751953	-0.006198499817401171	0.8110456466674805	-0.26097163558006287	0.07107902318239212	-0.2168205976486206	2.4803199768066406	-1.935703992843628	0.19937793910503387	0.5337392687797546	-0.6374980807304382	-0.3652234375476837	0.12232589721679688	0.025100022554397583	1.524404764175415	1.3312441110610962
-1.4037421941757202	-0.16737785935401917	0.32005223631858826	0.31599628925323486	0.03211379796266556	-0.05389956757426262	-0.8096369504928589	-0.4695645272731781	-0.6350989937782288	0.8392512798309326	-0.2968210279941559	-1.5062495470046997	-0.03513608127832413	-0.21797673404216766	1.3289861679077148	-1.7031476497650146	0.456862211227417	1.817957878112793	0.29593971371650696	-0.6912409663200378	-1.7009180784225464	-0.4800680875778198	0.9756401777267456	0.47397565841674805	-1.411095142364502	0.2637631297111511	1.1960300207138062	0.5875089168548584	-2.0100300312042236	0.017327619716525078	-1.752129077911377
-1.4958726167678833	0.854101300239563	0.09302107989788055	-1.7338316440582275	0.9704118371009827	0.5519161820411682	-0.02902931720018387	-0.8582639694213867	1.1204954385757446	0.6680192947387695	0.3507685959339142	-1.2610505819320679	-1.890232801437378	0.169652059674263	0.8707143068313599	0.96919846534729	0.4528294801712036	0.9823728799819946	0.24012762308120728	-1.286290168762207	1.298916220664978	-0.2485930621623993	-0.868665874004364	0.5570448637008667	2.0386850833892822	1.1551218032836914	1.7903735637664795	-0.32373595237731934	1.1422845125198364	-0.4369260370731354	0.46613043546676636
0.6600038409233093	-0.42073050141334534	-1.3704768419265747	-2.1392617225646973	1.5384738445281982	0.3465670645236969	0.5596929788589478	-0.2207324057817459	-0.551314651966095	0.9189040660858154	0.9298983216285706	0.13234075903892517	-0.731126606464386	1.6019105911254883	1.0036003589630127	0.2648235559463501	-0.6036627292633057	-0.4018896520137787	-0.282111793756485	0.6852136254310608	0.1963084638118744	1.211520791053772	-1.426455020904541	1.4185792207717896	1.6376407146453857	1.0859061479568481	0.41029760241508484	0.49215778708457947	-0.9453206062316895	2.0755157470703125	0.21295897662639618
-1.3384628295898438	0.48846641182899475	0.7192544341087341	-0.7413540482521057	0.6379019618034363	0.0005133376107551157	-0.11545716226100922	-0.8859803676605225	-0.27878570556640625	0.9824808835983276	0.2791925072669983	-0.4579954147338867	-1.6798591613769531	-1.021640658378601	-0.14263708889484406	-0.20711639523506165	0.35517629981040955	-0.3948637545108795	-1.7647390365600586	-0.40746554732322693	-0.8760013580322266	2.5430119037628174	0.38164374232292175	-1.6544526815414429	-0.648252010345459	-0.12612521648406982	-0.22837236523628235	1.2567927837371826	-0.21002089977264404	0.6318138837814331	0.7260359525680542
1.627072811126709	0.7104069590568542	0.026208745315670967	0.41780319809913635	-0.30464184284210205	0.9515891075134277	-1.5382503271102905	0.04869715869426727	0.4383420944213867	0.7187211513519287	-0.3551914095878601	-0.8523329496383667	0.5665804147720337	-1.7514386177062988	1.9665101766586304	0.7032859325408936	1.032152771949768	1.7861806154251099	-0.10326218605041504	-1.2973839044570923	1.1857686042785645	-0.23505190014839172	0.4170721471309662	-1.2244442701339722	1.4634768962860107	-0.6452956199645996	0.5833125114440918	-1.5653040409088135	-1.2747958898544312	-0.5074713230133057	-0.07513107359409332
0.9038534164428711	0.6710869073867798	-2.6295289993286133	-0.10475591570138931	1.0060135126113892	0.428853303194046	1.0970014333724976	-0.8361409306526184	-2.2774574756622314	-0.7222768664360046	1.3782826662063599	1.723844289779663	-1.0827497243881226	1.0274497270584106	0.7686562538146973	-0.787144660949707	0.9118842482566833	1.7893980741500854	0.5502678751945496	0.752798318862915	-1.0633257627487183	-0.7878918051719666	0.2819919288158417	1.3876466751098633	1.1443462371826172	-1.282025694847107	0.17471052706241608	-0.22136105597019196	-0.25149673223495483	0.4472380578517914	-0.8404302000999451
0.35581308603286743	1.5428498983383179	1.5362423658370972	0.9877499341964722	-1.0267060995101929	-2.6336660385131836	-1.671962857246399	1.1289105415344238	-0.9818049669265747	1.2321230173110962	-0.008350740186870098	-0.5567042231559753	0.16230863332748413	0.5038876533508301	-1.3814822435379028	0.6456676721572876	-1.4853707551956177	0.07502812147140503	0.5405020117759705	-0.5529970526695251	0.36779099702835083	-0.430022656917572	-1.029233455657959	-0.9589481353759766	0.33500534296035767	0.003441590117290616	0.5022835731506348	0.5874714851379395	-1.843555212020874	0.14260827004909515	-0.4397747814655304
1.6501222848892212	-0.7829349637031555	-0.7725161910057068	0.3256499767303467	0.12612101435661316	0.5874764323234558	-0.7662784457206726	0.9622161388397217	-0.03314349055290222	0.2795497477054596	-0.8903000354766846	-0.19260583817958832	1.7700550556182861	-0.2646998465061188	-1.1286956071853638	-0.8243109583854675	-0.6182748079299927	-0.5012301206588745	0.20969365537166595	-1.2634645700454712	0.3140287697315216	0.56949383020401	0.4647975564002991	-0.0819522961974144	0.14466895163059235	-0.40768998861312866	2.128002405166626	-1.4787877798080444	0.3832761347293854	-1.1909364461898804	0.28582724928855896
0.45641449093818665	0.5800582766532898	0.6763855814933777	0.3973998725414276	-1.2209079265594482	-0.6499641537666321	-0.7706910371780396	0.4606860280036926	-1.107460618019104	-0.12751705944538116	0.9605311751365662	-0.47302448749542236	0.4368024468421936	-0.0023601618595421314	0.14488862454891205	-1.1888803243637085	1.3788830041885376	0.7134228944778442	-0.7069802284240723	-0.026093168184161186	0.7030850648880005	-0.9983805418014526	1.4802570343017578	0.7083871960639954	-0.7739426493644714	-1.7283047437667847	0.21598732471466064	0.6258986592292786	-1.320089340209961	-0.8079802393913269	-0.14521121978759766
0.7488988041877747	-2.1226043701171875	-0.34512031078338623	0.14133930206298828	0.25775307416915894	-0.3537895083427429	0.5518239140510559	-0.012794304639101028	-0.02503066137433052	0.28312063217163086	0.24552765488624573	-0.6942276358604431	-2.1136722564697266	-1.6581823825836182	-0.10798406600952148	0.09308004379272461	-1.2648866176605225	-1.426307201385498	-0.6093063354492188	1.2236995697021484	0.43292132019996643	1.1686549186706543	1.3485065698623657	0.644271969795227	-0.5660916566848755	0.8791571855545044	-0.893764078617096	0.8003882765769958	-0.22280186414718628	0.08295384794473648	1.0442161560058594
-0.8778146505355835	-1.0528810024261475	-0.713272750377655	-1.324028730392456	1.231420874595642	-0.15676714479923248	0.840516209602356	-2.5732357501983643	0.7102570533752441	0.5836105942726135	1.085988998413086	-2.599299192428589	-0.8704035878181458	-0.5670478940010071	0.9584782123565674	1.7401448488235474	-1.5063284635543823	0.13073192536830902	2.369420051574707	-1.113351583480835	-1.048904538154602	0.3151691257953644	-1.1330288648605347	-0.7582043409347534	-0.8015906810760498	-2.4417269229888916	1.024585247039795	-0.7529128789901733	0.45649033784866333	0.4134860634803772	-1.5111894607543945
-0.4905177354812622	0.050860412418842316	-0.46181240677833557	-3.1548383235931396	0.8311139941215515	-1.022005319595337	-1.6919708251953125	1.0667096376419067	1.5001707077026367	1.1768784523010254	-0.6484858989715576	-0.6157708764076233	-0.06901680678129196	0.2677443027496338	1.4570525884628296	0.7968945503234863	-0.17008690536022186	2.189734935760498	-2.2385146617889404	0.030974797904491425	0.556022584438324	0.08075886964797974	1.1068980693817139	-0.257459431886673	-1.3969159126281738	-0.5872423052787781	-0.3632924258708954	-0.04285072535276413	-0.5135176777839661	-0.4387171268463135	-0.26061224937438965
0.7472865581512451	0.8386451005935669	0.7089089751243591	-1.2715272903442383	-0.0955629050731659	0.8310981392860413	-0.44067054986953735	0.4886183440685272	-2.4147462844848633	0.6905114054679871	-0.6474993824958801	1.467223882675171	0.614738404750824	-0.23181620240211487	-1.7152281999588013	0.5250898003578186	-0.13069291412830353	0.9714263677597046	-0.2884799838066101	1.3369024991989136	-0.15405525267124176	0.694020688533783	0.07324988394975662	-0.7612902522087097	-2.5223677158355713	-0.5683904886245728	-1.3561969995498657	-0.5161885619163513	0.04149831086397171	1.127286434173584	-2.0832018852233887
0.347110390663147	-0.2250915914773941	1.2775838375091553	0.2509356439113617	-0.12396491318941116	0.038414329290390015	0.4623309373855591	-1.500490427017212	0.27906668186187744	-1.7221145629882812	0.10240298509597778	1.826949954032898	-0.047070667147636414	-0.49188417196273804	-1.3477272987365723	-0.4517572224140167	-2.3971104621887207	-0.1376684010028839	-0.5219029188156128	-0.48650816082954407	-0.4548493027687073	-1.1290650367736816	-1.9067413806915283	-1.1076709032058716	0.10855258256196976	-1.0444579124450684	1.429811954498291	-0.20940449833869934	0.32601743936538696	1.5240455865859985	-0.3650934100151062
-1.0008741617202759	1.4864445924758911	-1.7994410991668701	-0.06116267293691635	-0.28950855135917664	1.7936877012252808	1.022890329360962	-0.45610812306404114	0.3720146119594574	0.435141921043396	0.7143020033836365	-0.6844521164894104	-2.3850719928741455	0.8038411736488342	-0.07750218361616135	-0.25053083896636963	-1.1519436836242676	-1.1437689065933228	0.971305787563324	1.4953563213348389	-1.730968713760376	-1.7597912549972534	2.121619939804077	0.62680584192276	0.8541121482849121	1.1051160097122192	-0.1943214237689972	0.5769206285476685	0.5936651825904846	1.1480101346969604	-0.49261781573295593
0.6972019672393799	-0.6435379385948181	0.2782334089279175	1.4143354892730713	0.1486644148826599	1.4235187768936157	-1.587486982345581	-1.8123151063919067	-0.15160343050956726	0.8512915968894958	-0.37056899070739746	-0.9206581711769104	0.34305208921432495	-0.026726454496383667	-0.13329629600048065	-0.7873140573501587	1.1197797060012817	-0.29526105523109436	0.5005953907966614	1.0358806848526	-1.1302512884140015	1.000902533531189	1.0590487718582153	0.6408258676528931	1.4146548509597778	0.09347685426473618	-0.6409984827041626	0.8646840453147888	1.2422388792037964	2.00252103805542	-0.08648566156625748
-0.40384945273399353	-0.4063812494277954	1.1472022533416748	0.12188281863927841	-1.2108157873153687	-0.9063088893890381	1.1476240158081055	-1.8386461734771729	-0.8582167029380798	0.1769692450761795	-1.2188284397125244	-0.31871768832206726	0.07559216767549515	1.5573636293411255	-0.39832550287246704	-0.12899738550186157	-0.5612918138504028	0.1939050704240799	1.797047734260559	-0.05053909868001938	-0.7812517285346985	1.2338749170303345	1.1448233127593994	1.3667718172073364	0.03593529015779495	1.9681425094604492	1.140284776687622	-0.16661378741264343	0.05012054368853569	-1.7571942806243896	-1.420125126838684
1.2345852851867676	1.7897758483886719	-0.8023824095726013	0.8071581125259399	-0.13160327076911926	-0.08450748026371002	0.24282224476337433	0.4353466033935547	-1.1799330711364746	0.8471962809562683	-1.8499979972839355	-0.2984118163585663	-1.4778001308441162	-0.763766348361969	-0.24624322354793549	-1.0334266424179077	-0.24675962328910828	0.03385093808174133	2.128767967224121	-0.8925701379776001	0.5375426411628723	1.5522211790084839	-1.3211028575897217	0.045758429914712906	0.06525969505310059	1.2890217304229736	0.2436036467552185	-0.53168123960495	-0.15174037218093872	0.389286071062088	-1.4345623254776
-0.3314094543457031	0.18666303157806396	0.4983522295951843	0.12008681148290634	0.7254018187522888	0.14745569229125977	-0.41791537404060364	-1.7347705364227295	0.790008008480072	-1.7971299886703491	-0.10301446169614792	-0.6887177228927612	-0.3076916038990021	-0.39042651653289795	-0.0871017649769783	-0.6098730564117432	0.24920837581157684	0.43297526240348816	0.6009529232978821	-1.5601166486740112	-0.7732634544372559	1.4256376028060913	0.4204134941101074	-0.3071382939815521	-1.1334527730941772	-0.3146112263202667	-0.5011035799980164	1.6361098289489746	2.1793060302734375	0.7087790369987488	0.7695565819740295
0.93780916929245	0.2816929519176483	-1.8394341468811035	-1.1032443046569824	0.016997257247567177	0.6274381279945374	0.11746614426374435	-0.2797352373600006	-0.28349730372428894	1.813528060913086	-1.6624637842178345	0.3565976619720459	0.134660542011261	0.29227516055107117	0.11194802820682526	-0.8152072429656982	1.4029077291488647	-0.12617628276348114	-0.33231279253959656	1.3513134717941284	1.137160301208496	-0.8947095274925232	0.7499812245368958	1.4618974924087524	0.8313735127449036	2.2003250122070312	1.2638607025146484	-2.33975887298584	0.36827990412712097	-0.19723637402057648	1.3586997985839844
-0.11659263074398041	-0.21867942810058594	-0.3856258988380432	-0.3895723521709442	3.1208837032318115	-1.489922046661377	0.6821988224983215	-0.3293238580226898	-1.4595760107040405	-0.1674581617116928	0.6091418862342834	-0.3004317581653595	-1.1729158163070679	-1.2906414270401	0.6354048848152161	0.7802606225013733	-0.17939354479312897	0.5015796422958374	-1.0328090190887451	0.7968299388885498	1.1050283908843994	-0.4254333972930908	-2.196742296218872	0.07541469484567642	0.15520864725112915	0.6221175193786621	0.0008181682787835598	0.7644151449203491	-0.14421741664409637	-1.5063303709030151	-0.687425971031189
0.21730056405067444	-0.8544809818267822	-0.5018826723098755	0.9405710101127625	-0.19079986214637756	0.9276939034461975	0.45940321683883667	-0.26772835850715637	1.188027024269104	-0.08903206139802933	-1.1064724922180176	1.781793236732483	0.10493794083595276	-0.1636602133512497	-2.267320394515991	-0.2696464955806732	-0.4184853136539459	0.5449491143226624	-0.2748030424118042	0.38885727524757385	-0.3770289421081543	1.9237987995147705	-0.15617753565311432	-0.12480869144201279	-1.1688551902770996	-0.22456657886505127	1.332672119140625	-0.6929089426994324	1.414671540260315	0.4331202805042267	0.7952010631561279
0.05754537507891655	-0.17369087040424347	1.0498254299163818	-2.324049711227417	-0.17794658243656158	-0.3053126037120819	-0.061700671911239624	-1.5418918132781982	-0.748702883720398	0.6275293827056885	0.6161912083625793	0.7653032541275024	0.49450892210006714	0.018649563193321228	1.3503797054290771	-0.7892810106277466	0.17933426797389984	1.7024216651916504	1.2547416687011719	0.03475784510374069	2.3597660064697266	-0.6245701313018799	-2.265754461288452	-0.23101648688316345	0.2634257376194	1.026467204093933	-0.7166939377784729	1.2552359104156494	0.5269714593887329	-0.6236825585365295	0.10332290828227997
1.612573266029358	-1.9379557371139526	-0.38723355531692505	-0.48418107628822327	-1.3884873390197754	-0.9215965270996094	0.19263283908367157	-0.11874493956565857	-1.7412333488464355	0.03949671611189842	0.2958201467990875	-0.5301368832588196	0.6539170742034912	-0.6648595333099365	-1.9433666467666626	1.5297356843948364	0.7128406167030334	0.39056456089019775	-0.5253818035125732	-0.6169400215148926	-1.5583609342575073	0.08265061676502228	-0.9992897510528564	2.4581665992736816	-0.3678174614906311	-0.8289684057235718	0.9689784646034241	0.7840320467948914	-0.6881826519966125	0.05935057997703552	-1.2126389741897583
-0.12926891446113586	0.07778700441122055	2.6289076805114746	0.3570515513420105	0.5711513161659241	0.19796951115131378	-0.1315390020608902	-2.270198345184326	-0.029222870245575905	-0.5322214365005493	2.000098466873169	-0.5172428488731384	0.4481394588947296	0.2733075022697449	1.1388094425201416	-0.8359948992729187	0.6967425346374512	0.20974132418632507	1.049044132232666	-0.717785656452179	0.5856435894966125	-1.4296256303787231	0.5409595370292664	-0.3952772915363312	0.2866861820220947	-0.21073506772518158	-0.0047434656880795956	-1.5695557594299316	-0.44509509205818176	0.22718344628810883	-0.14613570272922516
-0.14503641426563263	0.8351158499717712	-0.10444267094135284	0.321879118680954	0.9108182787895203	0.9317789673805237	-1.4662836790084839	0.5567872524261475	-0.47844642400741577	0.7700298428535461	-0.3383854031562805	0.08853007853031158	-0.20851662755012512	1.5714772939682007	1.2918258905410767	0.2694246470928192	-0.9203932881355286	1.2689104080200195	0.09319380670785904	0.8419780135154724	0.972706139087677	-1.0060425996780396	-0.29135340452194214	-0.9691898822784424	0.1032085195183754	0.1877811998128891	-0.10384073108434677	0.6326926350593567	-1.3716596364974976	0.28903546929359436	0.5689921379089355
0.9804996252059937	1.9983032941818237	-1.6676005125045776	-2.154244899749756	1.4374257326126099	-0.22356249392032623	-0.32859405875205994	0.9997528195381165	-0.5807536244392395	-0.8436033129692078	2.2966506481170654	0.9959258437156677	-0.58433997631073	1.275512456893921	0.5733988881111145	-1.5508309602737427	1.4070565700531006	-0.05343432351946831	-0.33820676803588867	-0.4586279094219208	0.7737507820129395	-0.7329109907150269	1.1572368144989014	-0.2135939598083496	-0.8384975790977478	0.969948947429657	1.0975264310836792	0.09953981637954712	1.1343252658843994	0.9868472218513489	1.5355075597763062
-0.21879003942012787	-0.8528742790222168	1.3921470642089844	1.6759313344955444	0.34259894490242004	0.614683985710144	0.1132783517241478	1.0306103229522705	-0.12209144979715347	-2.095848560333252	-0.3677785098552704	0.1958283632993698	0.37482964992523193	0.5773783326148987	1.3907583951950073	0.2079402208328247	0.4370749294757843	0.45866110920906067	-1.8953906297683716	-1.9273852109909058	-0.548101007938385	-0.569377064704895	0.5324539542198181	1.5091239213943481	1.191213607788086	-1.8500959873199463	0.662146270275116	0.7577964067459106	-1.3305624723434448	1.4351634979248047	-0.061752162873744965
1.4972635507583618	-0.5452443957328796	0.6737217307090759	0.263923317193985	0.03831891342997551	-0.3942332863807678	0.1296870857477188	0.6395573616027832	2.1871840953826904	1.6395691633224487	-0.4282287061214447	-0.9257326722145081	-0.21298591792583466	0.1043773740530014	0.4236496388912201	-1.2118003368377686	0.10510454326868057	0.33669522404670715	-1.1557635068893433	0.02668345347046852	0.6858299374580383	0.5427640676498413	0.16125166416168213	-0.21381185948848724	-0.16078156232833862	1.2318936586380005	0.40925148129463196	0.679947555065155	1.1644657850265503	-1.724258542060852	-0.8876996636390686
-0.12050416320562363	-1.5155258178710938	-0.36440661549568176	0.537390947341919	0.22436130046844482	-0.5474891066551208	-0.20334234833717346	-1.2578630447387695	1.9747655391693115	0.4217855930328369	-0.14677190780639648	0.12695185840129852	-0.7901412844657898	-0.7584985494613647	-0.8639689683914185	-0.4986904263496399	1.7813411951065063	-1.8426278829574585	-0.5264710783958435	-1.731278657913208	0.866287350654602	-0.2585493326187134	0.03440415486693382	0.43685173988342285	1.3860368728637695	0.6674929261207581	0.7304621934890747	0.8000706434249878	0.38857853412628174	-1.3532099723815918	0.6795953512191772
0.4564722776412964	1.7657854557037354	0.9646607041358948	1.2922701835632324	-0.4361891746520996	1.4251214265823364	0.3667232096195221	0.1673303097486496	0.9665864706039429	-0.7004619240760803	-0.8275834918022156	-0.8902176022529602	0.533202588558197	1.1639587879180908	-0.5671586394309998	0.09453467279672623	-1.2892436981201172	0.8801917433738708	0.3810439109802246	1.5382298231124878	-0.32064110040664673	0.17034275829792023	1.242053508758545	-0.1735582798719406	-0.25405576825141907	0.19961893558502197	2.204406976699829	0.805687665939331	0.8830088973045349	0.9190518260002136	0.9847214818000793
-0.9140596389770508	0.0943511351943016	-0.7570555806159973	0.6059160232543945	-0.5641195774078369	-0.5880632996559143	0.4532446563243866	-0.18235240876674652	-0.788460373878479	-0.3991025686264038	0.41032689809799194	0.23605230450630188	-0.21102070808410645	-0.03076694905757904	0.4989052414894104	-0.5105462670326233	0.7715271711349487	-0.40981346368789673	-0.33966824412345886	0.4586741328239441	-0.5149099230766296	-1.5751838684082031	-2.084634780883789	-1.8212493658065796	1.745327115058899	-0.5633285045623779	-0.0974733829498291	0.3318789601325989	-0.20569093525409698	0.5709822177886963	0.10815836489200592
1.0005276203155518	-0.9302539229393005	0.33113908767700195	1.1923555135726929	0.006099149119108915	-1.243382453918457	0.5538650155067444	0.5677930116653442	0.045023493468761444	2.7830543518066406	-0.7213007211685181	-1.9948196411132812	0.48770564794540405	-0.21736517548561096	0.8122126460075378	1.2086408138275146	-0.6290565729141235	0.3847353160381317	2.1028735637664795	1.4226620197296143	-0.5362128019332886	-0.09250105172395706	0.21610188484191895	1.318816900253296	-0.6749715209007263	-0.9900107383728027	-0.6215863823890686	-0.862147867679596	-1.402315378189087	0.1571447104215622	1.0622584819793701
-0.7422642707824707	-0.03421106934547424	-0.475663423538208	1.6991872787475586	2.294078826904297	1.8741565942764282	-0.4121794104576111	0.1466672420501709	-0.03418087214231491	0.8154056668281555	-0.6451768279075623	0.07382142543792725	0.380149245262146	-0.4961782991886139	0.38709691166877747	0.5047900080680847	0.9992603063583374	-1.0005676746368408	-0.3552897870540619	-2.0153355598449707	0.6157838106155396	-1.612510085105896	0.11515016853809357	1.1908342838287354	1.0809886455535889	0.9230374693870544	0.889095664024353	-1.7635513544082642	1.6669504642486572	0.13731274008750916	-0.3685353398323059
-1.3321619033813477	0.9961351156234741	0.21319322288036346	2.0264103412628174	0.2556895315647125	0.3046940565109253	-0.6039060354232788	1.125994324684143	-0.9204858541488647	1.4090609550476074	-1.270443081855774	0.8781362175941467	-0.28177177906036377	0.08703732490539551	1.816109538078308	-0.37164029479026794	0.08163554966449738	-0.4361644685268402	-0.6611645221710205	-1.6023235321044922	-0.2515298128128052	0.45529621839523315	1.0934852361679077	0.2110942304134369	0.7356671094894409	2.3129167556762695	-0.7131584286689758	1.0490057468414307	1.5217503309249878	-0.16033905744552612	0.95841383934021
-0.15086452662944794	-1.1287885904312134	0.5114353895187378	-1.294370174407959	-0.22713173925876617	-0.12543301284313202	0.6540435552597046	-0.8301371932029724	0.05814884230494499	1.0861034393310547	0.3106510639190674	-1.4620766639709473	1.1814712285995483	1.1563019752502441	0.43004530668258667	0.3737121820449829	-1.8721765279769897	-1.3811924457550049	0.7042683362960815	-0.2079245001077652	1.633611798286438	0.8770008683204651	0.1313186138868332	-0.7062254548072815	1.4898602962493896	0.6008332967758179	-0.3628374934196472	2.1771438121795654	-0.7803391218185425	1.4134117364883423	1.244059443473816
0.0978398472070694	0.5749899744987488	-2.0612633228302	-0.6038006544113159	-0.720027506351471	-1.230121374130249	-1.2720718383789062	-1.6864569187164307	-1.0066665410995483	-1.005014181137085	0.7421788573265076	0.5816856026649475	1.1351003646850586	-0.5314375758171082	0.18346762657165527	0.34891989827156067	0.18893450498580933	1.3302809000015259	-0.1733957827091217	-1.1893951892852783	0.44495460391044617	1.8368839025497437	-0.6961314678192139	1.107685923576355	-1.6525839567184448	-0.5304949283599854	0.7704508900642395	-0.3684510290622711	-0.1349107027053833	0.5144526362419128	0.3508886694908142
-0.30412590503692627	0.7026594877243042	-0.06183292716741562	-1.5750855207443237	0.1759323924779892	0.6973875761032104	-0.686619758605957	-2.056002616882324	-1.1518034934997559	-0.07257203012704849	1.6242148876190186	-0.19436542689800262	-1.6995800733566284	0.026342613622546196	-1.1399956941604614	-0.696596086025238	0.07802450656890869	-0.7407886981964111	-0.9667753577232361	1.3775099515914917	-0.5243031978607178	0.6349900960922241	-0.5302630662918091	1.398034691810608	1.245331048965454	1.5691555738449097	0.2655524015426636	-1.0725911855697632	-1.5482598543167114	1.2443383932113647	-0.9874619245529175
-1.7632391452789307	-0.4731085002422333	-0.5862320065498352	0.05286972597241402	-0.7138739824295044	0.1378200650215149	-2.6739799976348877	-1.856803297996521	-0.8355452418327332	0.03235766664147377	-0.017444459721446037	0.6928058862686157	0.7665853500366211	-1.9566102027893066	-1.4441478252410889	-1.5263826847076416	1.2227342128753662	-0.32171839475631714	0.41163113713264465	1.4031176567077637	-1.168097972869873	-0.7649675607681274	-1.646152377128601	0.6622238755226135	-1.8451966047286987	0.06783967465162277	-0.5810980200767517	1.0037342309951782	-0.021460721269249916	0.6129244565963745	0.9409670233726501
1.6644725799560547	-0.5935054421424866	-0.026823176071047783	0.25879842042922974	-0.42426127195358276	-0.20804700255393982	0.1558668613433838	-0.7447986602783203	0.5580260157585144	-0.5900928378105164	-0.11956922709941864	-0.26514312624931335	-0.9609566926956177	0.8396552801132202	0.6676489114761353	0.21529507637023926	0.43519139289855957	0.08096475899219513	-0.21189840137958527	-0.3894517719745636	0.6072731018066406	0.22469787299633026	0.6417481303215027	-2.7203404903411865	1.2851345539093018	0.28287020325660706	1.2460590600967407	0.606844961643219	-0.8359415531158447	1.258000135421753	0.8920323252677917
0.6285883188247681	-0.9401718378067017	-0.7051567435264587	-0.5239854454994202	-0.6009441018104553	1.1120245456695557	0.14384329319000244	-0.3299606144428253	-0.5234056711196899	0.004451658111065626	-0.7847931981086731	0.3283402621746063	-0.5370363593101501	1.1336019039154053	-0.8640146851539612	0.758662223815918	0.9792418479919434	2.427769184112549	-0.6805827617645264	0.3624114394187927	0.17344097793102264	0.7240248918533325	-0.2346297651529312	-1.3719040155410767	0.07843893021345139	-0.29910460114479065	-0.18805013597011566	-1.0783754587173462	0.2492365539073944	0.3295018672943115	-0.4812716245651245
0.0984739139676094	-1.2325931787490845	1.2205950021743774	-0.43722254037857056	0.16584095358848572	-0.28679031133651733	0.7409511208534241	1.4660760164260864	1.267591953277588	-0.634656548500061	0.48623567819595337	1.6951097249984741	-0.13254043459892273	-1.2382183074951172	0.41784369945526123	-1.7131332159042358	-0.6134411692619324	-0.09698159992694855	-1.0937477350234985	-0.2919905483722687	1.9370983839035034	1.8507311344146729	-1.1614100933074951	-0.04887114837765694	-0.044181983917951584	0.3736231029033661	-1.5324585437774658	-0.2497440129518509	0.35740429162979126	2.0549914836883545	-2.06486177444458
0.3107551634311676	0.7866436839103699	0.1714543253183365	1.8155478239059448	1.6318249702453613	1.0374729633331299	-0.5248063206672668	0.9431440234184265	-1.3732582330703735	-0.8649892210960388	-0.6219720840454102	0.804286539554596	0.8522951602935791	-0.01004908885806799	0.4468677341938019	0.864421010017395	-0.18792417645454407	-1.5766370296478271	0.1609594225883484	-0.4570043087005615	0.7261353135108948	1.0828458070755005	1.1370197534561157	-0.8956710696220398	2.399717092514038	1.425528883934021	-0.4682599604129791	0.09792117774486542	-0.7248610258102417	0.5547714829444885	-1.9352476596832275
0.26135554909706116	-0.5123019218444824	-1.1935838460922241	0.9802266359329224	-0.1750056892633438	-0.24368715286254883	-0.20183749496936798	1.1494349241256714	-0.6959092020988464	-0.26378580927848816	0.14364472031593323	-0.08166617155075073	-0.6544595956802368	-1.3337491750717163	1.5082916021347046	1.0480083227157593	-0.502808153629303	0.19655978679656982	-0.43058907985687256	-1.5037788152694702	-0.21907182037830353	0.11729209125041962	3.1786181926727295	-0.7737218737602234	-0.6904855370521545	-0.4998490810394287	0.3340911567211151	-0.8530017733573914	0.6433821320533752	-0.14169266819953918	-0.4241982400417328
0.8118292689323425	0.28340229392051697	-0.20500510931015015	-1.7395808696746826	-1.275574803352356	1.4499051570892334	-1.1338764429092407	-0.2517165541648865	0.8801007866859436	0.7614005208015442	-1.50564444065094	-1.9550187587738037	0.25466448068618774	0.5257587432861328	2.010948896408081	-1.508790373802185	0.9877936840057373	-1.2741526365280151	-2.4568135738372803	0.18430408835411072	0.5828900933265686	-0.25883948802948	-0.04132349416613579	-0.29970911145210266	0.054261546581983566	0.6282640099525452	-0.0473349466919899	1.166453242301941	-0.30523765087127686	-0.6382651925086975	-0.3012012839317322
-0.3870542645454407	0.7753568887710571	-0.9693529009819031	-0.40256351232528687	2.2844419479370117	1.809678316116333	0.4761121869087219	-2.272094488143921	1.0770063400268555	0.14254842698574066	0.2632104158401489	-0.024469591677188873	-1.6977307796478271	0.2890726625919342	0.02688446082174778	2.3748812675476074	1.2955448627471924	-1.3322746753692627	-0.591517984867096	-0.8130882382392883	-0.6770285964012146	0.4009926915168762	0.6401238441467285	0.9064816832542419	0.16917674243450165	0.8539785742759705	-0.04193239286541939	-1.5724072456359863	1.3173476457595825	-1.0908236503601074	0.6123114228248596
2.29276967048645	-0.7079513669013977	-0.8046172261238098	0.7924754023551941	-0.6748560667037964	1.785513162612915	0.40115293860435486	-0.14683374762535095	1.565592646598816	-1.7764049768447876	0.6937788128852844	-0.29828351736068726	0.28801286220550537	0.5246220827102661	0.19695886969566345	1.7671284675598145	-0.786756157875061	1.5474745035171509	-1.1456918716430664	1.2066075801849365	-0.4007517099380493	-0.2940163314342499	0.6771736145019531	0.934667706489563	-0.2918115258216858	-0.03946718946099281	-0.9607824087142944	-0.047071438282728195	-0.8045445084571838	-1.2855299711227417	-1.0670363903045654
-0.8354098200798035	-2.1891579627990723	-0.11962996423244476	-1.2822321653366089	0.27364426851272583	2.2277064323425293	-0.5225365161895752	2.07305645942688	1.049206256866455	0.16720177233219147	0.4350315034389496	1.1144613027572632	0.017289863899350166	0.4120611548423767	-1.3672181367874146	-0.3463514447212219	0.8452078104019165	-0.8646224141120911	0.042231541126966476	0.5483826398849487	0.25116604566574097	0.0008271552505902946	0.402132123708725	-1.2083603143692017	-1.0356884002685547	0.06280960142612457	-1.6677595376968384	0.14660732448101044	-0.6262741684913635	1.0169010162353516	1.610036015510559
-0.8664487600326538	-0.16287191212177277	1.1584079265594482	-0.1805112510919571	-0.272582083940506	-0.8198434710502625	-1.4986605644226074	2.0638582706451416	0.782281219959259	-1.189360499382019	1.2259327173233032	0.7369851469993591	1.1297513246536255	0.46555647253990173	-0.3571946620941162	0.5129054188728333	-0.2554679214954376	-0.8428953886032104	2.624950885772705	1.755953311920166	0.07587359845638275	-0.22403639554977417	0.028742484748363495	-0.27848660945892334	-1.1943312883377075	1.4644775390625	-0.43253815174102783	-0.5386444926261902	-0.3394821882247925	-1.5166844129562378	0.9753485321998596
0.2861546576023102	-1.1746970415115356	-0.524602472782135	-0.16669079661369324	1.0967942476272583	-0.6306082010269165	-0.29352879524230957	-2.234645366668701	0.9731886386871338	-0.7601518034934998	-1.1853047609329224	2.3373212814331055	1.2606850862503052	-0.02683686837553978	-1.920689344406128	-0.29868292808532715	0.09221174567937851	1.9155840873718262	-1.997418999671936	-0.48481568694114685	0.418864369392395	1.4487568140029907	-1.6940176486968994	-0.11187145859003067	-0.1660827100276947	-0.6542844176292419	1.2787920236587524	-0.1358996480703354	0.4708201289176941	-1.7718614339828491	1.4085612297058105
-0.8744426369667053	2.0577704906463623	1.379703402519226	-0.8614773154258728	-1.603980541229248	1.977416753768921	-0.7799289226531982	-1.624373435974121	0.7584620118141174	2.308408260345459	0.5407904386520386	0.3980208933353424	2.3346104621887207	-1.8790597915649414	1.447091817855835	-0.4835341274738312	-1.4205121994018555	0.6589866876602173	-0.6105202436447144	-0.4508587121963501	-0.4513170123100281	-2.130131483078003	1.9099637269973755	-1.139238953590393	-1.0173767805099487	-0.8988863825798035	0.25690561532974243	1.195397973060608	0.8418700695037842	-0.04708842933177948	0.314962238073349
0.27885743975639343	0.9181354641914368	1.0711950063705444	0.16433419287204742	1.844001054763794	0.8800646662712097	0.7341808676719666	-0.5618759989738464	-0.5552975535392761	0.1972499042749405	-1.5903409719467163	-1.3473756313323975	0.4554472267627716	0.9733714461326599	-1.1460822820663452	0.0416782982647419	0.8151158094406128	1.680985450744629	-0.3052017092704773	0.12773360311985016	-0.4549528956413269	0.6941111087799072	-0.418159157037735	-0.4490495026111603	-1.1292481422424316	0.5750870108604431	0.5927443504333496	0.7256568670272827	0.824674129486084	-0.8584607839584351	-0.5612276196479797
0.741965651512146	0.8219642043113708	-1.308974266052246	1.1479074954986572	3.13307785987854	0.6196699142456055	0.9885802268981934	-0.41538336873054504	0.44161659479141235	0.9643765091896057	-0.7280969023704529	-1.1719002723693848	0.4507235288619995	-0.09142493456602097	0.3083638846874237	-1.8883949518203735	0.6203578114509583	0.9049695730209351	-1.8784537315368652	-0.5885930061340332	-0.2677941620349884	0.10045867413282394	0.41107669472694397	0.7281612753868103	0.2669951617717743	1.0253069400787354	0.7342842817306519	-0.053598884493112564	1.8237632513046265	0.017078787088394165	-0.41553306579589844
0.7922151684761047	-0.0683009997010231	-0.4013688266277313	1.0913469791412354	0.3130042850971222	-0.8147062063217163	0.8842414617538452	1.1103479862213135	0.7983512282371521	-1.0867129564285278	1.1904847621917725	-1.130411982536316	-0.5619769096374512	-0.9893727898597717	-1.4155272245407104	1.01455557346344	1.3982778787612915	0.6916811466217041	0.19759909808635712	-0.5903695821762085	1.2138479948043823	-1.499613881111145	0.029260199517011642	-0.1894429475069046	0.5657907128334045	-1.5470387935638428	0.8359166383743286	0.9749451279640198	-0.5909327864646912	1.995773196220398	-0.7999807000160217
0.3142841160297394	0.26397109031677246	1.2762763500213623	0.5072269439697266	-1.2953884601593018	0.2943117618560791	1.3959453105926514	0.7896498441696167	0.28253015875816345	-0.20390252768993378	0.7740315198898315	-1.9519637823104858	-1.4743887186050415	1.354811429977417	-0.5664252638816833	-1.1922317743301392	0.36048054695129395	-1.899104118347168	1.8064591884613037	2.015265941619873	-1.4397881031036377	-0.19379691779613495	0.39718955755233765	-0.4559420943260193	-0.3053622841835022	0.7929506301879883	0.18726202845573425	-0.42364388704299927	1.699398398399353	1.041914701461792	1.838842511177063
1.1924508810043335	-1.2156474590301514	0.7591333985328674	1.5396867990493774	-0.5374880433082581	-2.488800525665283	1.5160239934921265	-0.4545789659023285	0.6592616438865662	-1.3572479486465454	-0.38017961382865906	0.1933412104845047	-1.425074815750122	-0.6759794354438782	0.335750937461853	0.33516332507133484	0.3831021189689636	1.233599305152893	-1.184612512588501	-0.2864078879356384	-0.6501668691635132	-0.6849846243858337	0.5034393072128296	-0.48275330662727356	-0.69907546043396	-1.0364831686019897	0.2710493505001068	0.10326804965734482	0.0293173398822546	-0.4086439609527588	-0.55195552110672
0.5207741856575012	-0.3480045199394226	-1.762891411781311	0.4347164034843445	-0.08810240030288696	-0.15948955714702606	-0.6791366338729858	-0.04230267181992531	0.4701889455318451	-0.5486018657684326	0.1547088772058487	0.1283537596464157	1.1492347717285156	0.4175303280353546	-0.5029224753379822	-0.1694517582654953	0.9723220467567444	-0.6009039878845215	-2.152252435684204	-0.1013706773519516	-0.25028932094573975	0.9401057362556458	-0.8769822716712952	0.315922349691391	0.4747598469257355	0.7895069122314453	-0.13602876663208008	-0.3808729648590088	0.0512787289917469	-0.44862666726112366	0.9877902865409851
0.17262227833271027	0.1544143557548523	2.5128965377807617	0.42512473464012146	0.5961845517158508	2.0742862224578857	0.08426981419324875	-0.7392940521240234	0.7208663821220398	2.442045211791992	-0.583355724811554	-1.0676448345184326	-2.2115256786346436	1.76250159740448	0.533941924571991	0.7165976762771606	-0.7881858944892883	1.1549607515335083	-0.7213351130485535	-1.022012710571289	0.36104926466941833	0.3704257011413574	-1.1122679710388184	0.06008868291974068	0.16963888704776764	-1.2837533950805664	-1.2520158290863037	-0.3967907428741455	1.1436741352081299	-0.5611194372177124	-1.7471916675567627
0.1010882779955864	0.48153555393218994	0.050863176584243774	1.481881856918335	0.9440051317214966	-0.5946007370948792	-0.3009103834629059	-0.11000492423772812	-0.9599334001541138	-0.4762047231197357	0.27622729539871216	-1.0109715461730957	-0.8012199401855469	2.10845947265625	-0.06339706480503082	-0.28710460662841797	0.17541760206222534	-0.3948928713798523	-0.7065473198890686	1.2207728624343872	-0.6373322606086731	0.9591807126998901	1.3036750555038452	1.5228720903396606	2.586524724960327	1.47707998752594	-1.1622360944747925	1.571471095085144	-0.6947252750396729	1.0129491090774536	0.2858286201953888
0.5581278204917908	-0.9923365116119385	0.3366200923919678	-2.5033702850341797	1.7384119033813477	0.06529339402914047	-0.0010020938934758306	0.3638070225715637	-1.342260718345642	2.3749706745147705	1.1195988655090332	-0.17683212459087372	1.859798550605774	0.8273502588272095	0.1003217101097107	-0.10648135095834732	1.3418856859207153	-0.29725125432014465	1.7703657150268555	-0.21913281083106995	0.21573717892169952	1.0259839296340942	-0.2475525438785553	0.2681114673614502	1.0844743251800537	-1.001131534576416	-0.22191931307315826	-0.23034115135669708	-1.8963655233383179	-0.7362675666809082	-0.6397733688354492
1.4539202451705933	1.7070693969726562	-1.0547676086425781	0.9020415544509888	0.45363786816596985	1.0752167701721191	-0.45956215262413025	-1.7735811471939087	-0.08584997802972794	0.008064097724854946	-0.18238620460033417	-0.06627222150564194	-1.2529551982879639	0.2638925015926361	0.09706570208072662	-0.2255886346101761	-0.7046874165534973	-0.667988657951355	-1.7875957489013672	-0.19502712786197662	1.820562720298767	0.3152785003185272	-2.2876811027526855	0.34024450182914734	-0.17916588485240936	0.536078155040741	-0.14488235116004944	-1.0084904432296753	-2.2640726566314697	0.6643130779266357	-0.7556377053260803
-0.9758058786392212	0.7861756682395935	1.687220811843872	-0.3010369539260864	-0.17235536873340607	0.8098495602607727	-0.698736846446991	0.917998194694519	-1.1556448936462402	-2.4364137649536133	-0.9677106738090515	-0.9283450841903687	-0.7748873233795166	0.9180614352226257	-3.537809133529663	-1.3510518074035645	-1.0717077255249023	-0.1734166294336319	-0.7886837720870972	0.4218135178089142	-0.10142356157302856	-1.1148626804351807	-0.18799182772636414	0.7286415696144104	-0.13847677409648895	-0.2751627564430237	0.007130894344300032	-0.4465765058994293	1.6011751890182495	1.71541166305542	-0.3768492043018341
0.6286338567733765	0.01160153653472662	0.5968552827835083	-0.05504094064235687	-0.8528556227684021	-1.1006605625152588	0.3768509328365326	-0.44896116852760315	-0.33710038661956787	1.3840243816375732	0.6090701222419739	0.5200830698013306	-0.24088679254055023	-1.9228858947753906	0.6313628554344177	-0.12370588630437851	-1.0686317682266235	0.23925036191940308	0.33211320638656616	1.9424479007720947	-0.5191043019294739	0.6156908273696899	0.6409600973129272	2.887770652770996	0.8984800577163696	0.7089048027992249	0.30368372797966003	-0.2357202172279358	-0.4725154638290405	0.37375181913375854	-1.6337145566940308
0.4315473437309265	1.1594452857971191	0.6260773539543152	0.40476757287979126	1.732272982597351	0.06546908617019653	-1.3869026899337769	0.21908488869667053	1.953361988067627	-0.7464604377746582	-1.1865366697311401	0.29701194167137146	0.3969159424304962	-0.38610193133354187	-1.3486956357955933	2.0634963512420654	0.3988683521747589	-0.25892964005470276	1.461086630821228	-1.1782944202423096	0.6095216870307922	-1.037017583847046	-0.5641236305236816	1.1314433813095093	-0.046253569424152374	0.4511382281780243	-0.10485314577817917	0.8620803356170654	-0.09077969193458557	-0.4568696916103363	-1.5390892028808594
1.4412590265274048	2.044168472290039	-1.6228094100952148	0.2378970831632614	0.8141441941261292	-0.3323032557964325	0.4638179540634155	-0.17853116989135742	-0.07446536421775818	0.6663802266120911	-0.6757907271385193	0.21321958303451538	1.5714242458343506	0.17709128558635712	0.7742773294448853	-0.5256660580635071	1.426506519317627	0.21355681121349335	0.11372499912977219	-0.21535275876522064	0.4359818696975708	-0.9631689190864563	0.5760980844497681	0.12152668833732605	1.4280885457992554	1.032127857208252	0.0407680869102478	-0.03876202180981636	-0.3268164396286011	-0.2190873771905899	0.6468849778175354
1.1428191661834717	-0.4472772479057312	0.36368706822395325	0.5663824677467346	0.17928768694400787	0.676914632320404	-2.090501308441162	-0.6022306084632874	0.7427470088005066	-0.7075613141059875	0.33831045031547546	-1.3248627185821533	-0.375567227602005	1.2824290990829468	-1.3785432577133179	-1.3914525508880615	0.8415066003799438	-1.371788501739502	1.8298968076705933	1.3835461139678955	0.6031390428543091	-0.3181843161582947	-1.4744592905044556	-0.9634512662887573	0.9409456253051758	-0.8682684302330017	-0.5400989055633545	-0.4490990936756134	-1.688428282737732	0.6031635403633118	-0.22532817721366882
0.7763793468475342	0.12225981801748276	-2.0367650985717773	-0.6890451312065125	1.1103466749191284	-1.4432661533355713	0.5618511438369751	0.7081654071807861	-2.3527441024780273	-0.10516276955604553	2.3784921169281006	1.8360505104064941	-0.0880652442574501	0.712218165397644	-0.7390431761741638	2.292536735534668	-0.9615883231163025	-0.6776077151298523	-0.20627136528491974	1.4058191776275635	-1.1124907732009888	0.3453727066516876	0.2456587702035904	0.5857728719711304	0.004173171240836382	-0.657814621925354	0.8466086983680725	0.2413185089826584	-0.6297544836997986	-1.9793188571929932	-0.6503626704216003
0.17918100953102112	0.47357115149497986	-0.6397267580032349	-1.9181228876113892	-0.2802216708660126	0.5023028254508972	-0.5276812314987183	1.3545548915863037	2.1268670558929443	0.7252276539802551	1.1710597276687622	-0.9079633355140686	-1.3224228620529175	-1.5774027109146118	-0.914055347442627	-1.7541135549545288	-1.0371508598327637	-1.0607776641845703	0.5255231261253357	0.4349075257778168	0.11091279238462448	-0.12962612509727478	2.605496644973755	-0.9001089930534363	0.11173706501722336	0.5331945419311523	-0.131331667304039	-0.7947402596473694	1.0882587432861328	0.6292523145675659	-0.8153746724128723
1.3231379985809326	-0.574265718460083	1.0833796262741089	1.7388219833374023	-1.2868119478225708	0.7430970668792725	-0.7820023894309998	0.8159635663032532	1.8079386949539185	1.1033601760864258	0.3276239335536957	-0.38335543870925903	2.571836233139038	0.26578468084335327	-0.9413048028945923	1.5551328659057617	0.9554703235626221	0.17254988849163055	0.3657858967781067	-0.05362752079963684	-0.06823724508285522	-1.1829508543014526	0.11262635141611099	-0.21239322423934937	-1.4155657291412354	0.08931273221969604	-1.4574315547943115	2.2337493896484375	0.9714072942733765	1.0702199935913086	0.9902359247207642
-0.3204531669616699	-0.13981956243515015	-1.0732793807983398	-0.4442872107028961	-0.10111258924007416	-1.0581684112548828	-0.4379037916660309	0.6549679040908813	-0.6270864605903625	0.8014978170394897	1.740236759185791	0.9024783968925476	0.06831098347902298	0.3375406563282013	-1.1854456663131714	-1.1914293766021729	-0.72564697265625	-1.2277475595474243	0.588566780090332	-0.13091492652893066	0.35010433197021484	-1.5805109739303589	-0.07349251210689545	-0.7105823159217834	-0.8122848868370056	-0.02645769715309143	-0.636608898639679	1.5525407791137695	-1.1596558094024658	0.6654572486877441	-0.45674893260002136
-0.4605918824672699	0.8566952347755432	0.5583223700523376	0.2654827833175659	-0.32521986961364746	-1.7623867988586426	-2.6515121459960938	-0.5393051505088806	-0.9625017642974854	-1.5122919082641602	1.0471903085708618	0.8883506059646606	0.8634064793586731	-0.7455605864524841	-0.5134103894233704	0.20944683253765106	-0.08815386146306992	-0.7044996023178101	-0.4772748053073883	0.2076442390680313	-0.17970781028270721	-1.9137307405471802	0.04513030871748924	1.2365785837173462	-0.5467100739479065	0.9012705087661743	0.4343762695789337	1.219444990158081	0.3133366107940674	0.7779571413993835	0.48285573720932007
1.4615614414215088	0.2552853524684906	-0.803507924079895	0.7637668251991272	-0.728391706943512	0.46541890501976013	0.31759876012802124	0.38907286524772644	-0.1669173389673233	0.7490382194519043	-1.8064466714859009	-1.072416067123413	-0.3658696115016937	0.9297791719436646	-0.23067337274551392	-0.3494585454463959	-0.5975423455238342	-0.6222947835922241	2.0833654403686523	0.44731655716896057	1.00099515914917	-0.6706265211105347	0.5226122736930847	1.3923373222351074	0.11879754811525345	-0.5406649112701416	-1.7008343935012817	0.8299358487129211	-0.07774066179990768	0.783353865146637	1.4621849060058594
2.192844867706299	0.475421667098999	-1.1312304735183716	-0.24978826940059662	1.5862857103347778	-2.003216505050659	1.870123267173767	0.2507752478122711	2.1488873958587646	-0.3349064290523529	-0.6152604818344116	0.24826914072036743	0.23932404816150665	1.1467703580856323	0.31378647685050964	0.9702695608139038	-1.3802987337112427	-0.7734556198120117	0.653061032295227	-0.15860910713672638	-0.8725542426109314	0.402688592672348	0.6927457451820374	-0.4533960819244385	1.2284480333328247	0.873440682888031	0.2078782021999359	0.48688074946403503	-0.318458616733551	-0.637868344783783	0.07676942646503448
0.11740265041589737	-0.816928505897522	0.9245134592056274	-0.30203375220298767	-1.4031174182891846	0.6109710335731506	1.087794542312622	-2.1528260707855225	-2.156803846359253	0.2766285836696625	-1.6296180486679077	-0.6244106292724609	-1.1223961114883423	0.9878498315811157	0.005374289583414793	-0.09444661438465118	-0.2703312039375305	0.36297619342803955	-0.7048099637031555	-1.35475754737854	-0.28077128529548645	-0.41840875148773193	-0.9280766248703003	1.3215285539627075	0.3753378391265869	1.1508169174194336	-0.3979679048061371	0.6801696419715881	-0.5893689393997192	-1.0967133045196533	-0.2844300866127014
-0.3571317493915558	1.8049020767211914	1.1834338903427124	1.753536343574524	-0.6409074664115906	-0.9482505321502686	-0.39280030131340027	-0.26828211545944214	-0.10514339059591293	0.7556155920028687	-0.053201042115688324	1.2772126197814941	0.4534306526184082	-0.5037439465522766	0.9070024490356445	-0.060502614825963974	-0.5487748980522156	0.23360592126846313	-0.8959218263626099	0.8081254363059998	1.659147024154663	0.13125789165496826	0.5665420293807983	0.3640000820159912	0.8157199025154114	0.6018592119216919	-1.1390984058380127	-0.4204116761684418	-0.8889774680137634	-0.7924840450286865	-1.9203364849090576
0.07979714125394821	-1.3213125467300415	0.8148102164268494	-1.3766944408416748	-0.3333292007446289	0.858834445476532	2.276638984680176	0.025852231308817863	0.5734696388244629	-1.24261474609375	-0.584769606590271	1.8281124830245972	0.2570255696773529	1.0091434717178345	1.3451194763183594	0.4833223521709442	0.6997601389884949	-0.8141902089118958	1.1017110347747803	-0.023785090073943138	-0.8120307326316833	-0.5978204011917114	-1.3165466785430908	-0.04935062676668167	-0.2295464128255844	-0.8150460124015808	0.9632322788238525	-0.6121492385864258	1.0060559511184692	-0.7489368915557861	-0.5624558925628662
1.1558970212936401	0.2033693492412567	-1.3525497913360596	0.7070805430412292	0.26140016317367554	0.37191492319107056	0.29851868748664856	-1.6497400999069214	0.06316882371902466	-0.24247707426548004	0.0871012732386589	-1.5701653957366943	1.5049368143081665	0.4015750586986542	-0.4455704689025879	0.025875531136989594	-0.9062986969947815	-0.5244366526603699	-0.05415010824799538	1.1698031425476074	2.089752674102783	-1.6001120805740356	1.2806072235107422	-0.3114694356918335	-0.76941978931427	-2.842602491378784	2.1132044792175293	0.12687431275844574	1.0121893882751465	-0.5253576040267944	-0.0052867368794977665
-0.9491623640060425	0.14733178913593292	1.1743762493133545	-2.1439781188964844	0.8433236479759216	-1.7840007543563843	-0.2639884650707245	-0.8830168843269348	-0.049976274371147156	-0.24154961109161377	0.731622040271759	-0.23552744090557098	-0.15111196041107178	-0.24150583148002625	0.5101940631866455	-1.7297862768173218	-1.350592851638794	0.5280817747116089	-0.36833029985427856	3.039048910140991	-1.7567613124847412	-0.47514450550079346	-0.7067047953605652	0.5486969947814941	0.4866355061531067	0.3497573137283325	0.9815089106559753	0.6120855808258057	0.19255435466766357	1.234964370727539	1.3198727369308472
0.1477515697479248	0.17739176750183105	-1.4338178634643555	0.10310861468315125	-0.7635340690612793	1.5656079053878784	0.3482944965362549	-0.550283670425415	-0.30083122849464417	-2.067023754119873	2.148453712463379	-1.1787841320037842	1.0813347101211548	-0.5589523315429688	0.08077526092529297	0.9392639994621277	1.2868871688842773	0.45316749811172485	0.13540177047252655	-1.62434983253479	0.34218207001686096	-1.4636998176574707	-0.20665311813354492	-0.9888234734535217	-0.07958117127418518	-0.6645427346229553	-1.9745066165924072	-0.5924663543701172	0.42447322607040405	2.033134698867798	0.5279160737991333
-0.23565907776355743	-0.6478404402732849	-2.5305495262145996	-0.7683547139167786	1.5014562606811523	0.7668988704681396	-2.597238779067993	-1.7915071249008179	0.3166622221469879	1.3777928352355957	-0.528797447681427	0.3293954133987427	-0.9565801024436951	-0.04250045120716095	-0.04907567426562309	1.4778705835342407	2.2250757217407227	-1.1207377910614014	-1.002042293548584	-0.9909778237342834	-0.42976173758506775	0.8860787153244019	-0.900449275970459	-0.5739433169364929	-0.4514210522174835	-0.962589681148529	-0.40404433012008667	-0.5352184772491455	2.4054293632507324	-0.1705932915210724	0.5515589714050293
0.5389205813407898	0.25577858090400696	1.7105971574783325	0.036051370203495026	-1.1735572814941406	0.04479358717799187	0.07368795573711395	0.1607963889837265	-0.686237096786499	1.0371172428131104	-0.7337899804115295	1.084248423576355	1.1555676460266113	0.3291335701942444	0.5812928676605225	-1.7744333744049072	-0.20163263380527496	-0.26277321577072144	-0.46014508605003357	-0.7995414733886719	0.722408652305603	0.3750148117542267	2.0010461807250977	-0.9142610430717468	-0.386701375246048	-0.0444943942129612	1.2281134128570557	1.446372389793396	-0.008465058170258999	-0.9291820526123047	-0.5834046602249146
1.15666925907135	-0.6154881119728088	-1.3603763580322266	-1.0211474895477295	0.7523811459541321	-1.3790355920791626	-0.5818247199058533	1.2020087242126465	-1.4166864156723022	0.8133170008659363	0.3536792993545532	1.6242707967758179	0.6716792583465576	2.2461795806884766	0.1801789402961731	0.09304098039865494	1.1192569732666016	-2.6284141540527344	-1.9433465003967285	-1.2991642951965332	-0.8098180890083313	0.7613596320152283	-0.9949005246162415	0.1416647583246231	1.716498851776123	0.994897186756134	0.3146820366382599	-1.2126930952072144	-0.32051774859428406	0.9411574006080627	0.8841782212257385
-0.45377621054649353	1.5337761640548706	1.2374356985092163	-0.494122713804245	-0.9349285960197449	1.4923573732376099	-0.181859090924263	1.373539924621582	-0.7191782593727112	-1.6358705759048462	-1.0788236856460571	0.9241564273834229	-1.7668712139129639	-0.02310033142566681	1.3500885963439941	-0.9503403306007385	0.7758116126060486	1.0757125616073608	0.14609019458293915	-0.4347054660320282	1.2011830806732178	-0.5229306817054749	2.01187801361084	0.8365873098373413	0.07453397661447525	0.2639981210231781	0.0257375780493021	-1.2175869941711426	-1.08004629611969	-0.392466276884079	-1.2530856132507324
-1.0596034526824951	-1.5627552270889282	-1.0433257818222046	-1.5311211347579956	1.231971025466919	1.2767174243927002	1.020243525505066	0.722629189491272	0.5271242260932922	-0.1573532670736313	-1.3869929313659668	-0.9614788293838501	-1.374606728553772	-1.157501459121704	-0.5519024729728699	0.6275046467781067	-2.026364326477051	-0.8231064081192017	-0.2184954285621643	0.09429416805505753	-0.8271284103393555	-0.8431704044342041	0.9722384810447693	1.3294075727462769	1.0825834274291992	0.9366100430488586	0.418291836977005	0.099967360496521	0.40216848254203796	-0.9899258017539978	-1.2153770923614502
0.8064612746238708	0.40236133337020874	0.46920982003211975	-2.2759323120117188	-0.48694005608558655	1.311488151550293	-0.483046293258667	1.0714181661605835	0.39296817779541016	1.8486469984054565	-0.5575031638145447	-0.8108904957771301	-2.6986610889434814	1.3177458047866821	0.811791718006134	1.4991023540496826	0.24181298911571503	0.6182311773300171	0.9014328122138977	-0.11213543266057968	0.8763816952705383	-1.2631144523620605	-1.2647610902786255	-1.2672759294509888	0.9785696268081665	1.6039273738861084	-1.2786915302276611	0.8527280688285828	0.6925802826881409	0.653290867805481	-0.9878129363059998
0.3785229027271271	-0.45755675435066223	-0.4774497449398041	0.6294601559638977	1.030056118965149	-1.1202654838562012	0.037672653794288635	0.9208972454071045	0.49520087242126465	0.465218186378479	-1.0504769086837769	1.1332968473434448	-0.536483883857727	0.4946746528148651	-0.9044533967971802	-0.3021564483642578	0.08517859131097794	-0.5329447388648987	-0.5379683971405029	0.13348731398582458	1.7160178422927856	-0.8707252144813538	0.9834131598472595	-0.5797536969184875	0.05815596133470535	-0.7593072652816772	-0.3299512565135956	-0.4140341281890869	0.5872915387153625	-0.4722249209880829	-0.896734356880188
-2.5196692943573	0.5482187867164612	-0.003726548980921507	-1.335146188735962	-0.737129807472229	-0.42595261335372925	-1.4154549837112427	1.6481395959854126	1.160078525543213	0.8738922476768494	0.6734600067138672	1.007926344871521	-0.9980114102363586	0.22716134786605835	0.44640952348709106	-0.411773145198822	-0.028262028470635414	-0.29115134477615356	-1.2058461904525757	0.72486811876297	-0.7122033834457397	0.23421865701675415	2.706110954284668	0.8560786247253418	2.224066734313965	-1.2368332147598267	0.4939414858818054	0.1078103706240654	1.6621733903884888	-0.5852394104003906	0.42200472950935364
-0.6953704357147217	0.607234537601471	-0.24330925941467285	0.6061932444572449	0.23567186295986176	0.05920243635773659	-0.13985052704811096	-1.4067974090576172	0.2892487645149231	1.1316075325012207	0.6581084132194519	0.9531639218330383	-0.4697106182575226	-0.6220691800117493	0.22128354012966156	0.7772220969200134	-1.8998667001724243	0.19755084812641144	-0.4395692050457001	1.1666873693466187	-0.7800480723381042	0.8585655689239502	0.38247841596603394	-1.4374351501464844	1.0049346685409546	-1.3262678384780884	-0.03166612237691879	-0.4450853168964386	-0.1692371517419815	0.9150668382644653	-1.2646949291229248
0.5313177704811096	-0.8596707582473755	0.5338058471679688	0.2039598971605301	-1.740506649017334	0.5130782127380371	-0.911935567855835	-1.1463961601257324	-0.007926360704004765	-0.14267997443675995	0.7546430826187134	0.393450528383255	-1.2460522651672363	-0.42309266328811646	-0.20759688317775726	0.7927491068840027	-0.7609075903892517	-1.0754491090774536	-0.3437027335166931	-0.6522079706192017	-1.3116674423217773	-0.6117866039276123	0.47100868821144104	0.020838763564825058	-1.039603590965271	-1.2752999067306519	-0.6833678483963013	0.33736786246299744	-0.18153731524944305	-1.5552361011505127	1.6524479389190674
-0.9715374112129211	0.10865318775177002	0.49453607201576233	0.40283501148223877	2.5444014072418213	-0.08723793178796768	-0.1251029521226883	-0.4687768220901489	0.6319493651390076	0.24204739928245544	-1.8186715841293335	0.9849767684936523	-0.6869725584983826	-2.2930688858032227	0.7442278861999512	0.764011561870575	-0.6089764833450317	0.9041151404380798	-0.1283864825963974	-0.05407363921403885	-0.3157815933227539	-0.22027719020843506	1.169997215270996	0.3908892273902893	-1.386254906654358	-0.9007331728935242	0.6613497734069824	0.5460228323936462	-0.1852433830499649	1.3635565042495728	0.6254717707633972
1.3859516382217407	-1.3744964599609375	-2.0534520149230957	-1.5987863540649414	0.6195505857467651	-0.11145821958780289	-1.7686883211135864	-0.47942715883255005	-0.2877372205257416	-0.14633296430110931	0.2378036230802536	-0.9999991059303284	-1.0524035692214966	0.6039436459541321	-0.8077577352523804	2.49190616607666	-2.183429479598999	-0.3080255687236786	0.5462420582771301	-1.530527114868164	-0.43063655495643616	0.15669724345207214	0.43287044763565063	-0.15781912207603455	0.7562604546546936	0.4392947852611542	0.21321295201778412	0.5432149171829224	1.1890805959701538	0.9042749404907227	-0.9141214489936829
-0.07736141234636307	-0.05321294441819191	-0.039849236607551575	-1.2248992919921875	-1.3589146137237549	-1.879665493965149	-0.888265073299408	0.7123268842697144	0.554046094417572	0.881367564201355	-1.428810954093933	0.38371512293815613	-0.37492844462394714	-0.015163552947342396	0.9837681651115417	-0.15516631305217743	1.6494808197021484	-1.7163164615631104	-1.3416390419006348	0.32128801941871643	-0.30010509490966797	-0.35767605900764465	-1.3185043334960938	0.6041152477264404	-1.0974808931350708	-0.34424513578414917	-0.21709811687469482	-0.7713097333908081	0.06439632922410965	1.3069002628326416	0.3872015178203583
-0.4539196789264679	0.6419054865837097	-1.8453328609466553	-0.9854149222373962	-0.45265594124794006	-0.01492259930819273	0.42874863743782043	2.188945770263672	0.1742456555366516	0.966385006904602	-0.5283182859420776	-0.0770539939403534	-0.05401616171002388	-1.1194108724594116	0.8021048307418823	-1.082853078842163	-0.3995911478996277	-0.8541091084480286	0.5919409990310669	1.2248644828796387	-1.0598331689834595	-1.7099922895431519	1.3126665353775024	1.2965565919876099	0.5032773017883301	-0.6327430009841919	-1.553580403327942	0.2257322520017624	0.713915228843689	-0.84507817029953	2.1393344402313232
0.6449893712997437	0.9899610280990601	-0.9537612795829773	-0.22933532297611237	-0.3098602890968323	-0.664651095867157	-1.0304653644561768	0.20943042635917664	2.2913615703582764	0.44821882247924805	1.739782691001892	1.076841115951538	-0.3395339250564575	-0.40042832493782043	1.5722761154174805	-1.5353046655654907	1.355528712272644	-1.8519377708435059	0.4447196125984192	-0.9448909759521484	-0.06987632066011429	-1.0178099870681763	1.0061869621276855	0.3894259035587311	-0.10534480959177017	1.3896713256835938	-0.39947041869163513	-0.9440529942512512	-0.921330988407135	-1.6701867580413818	-0.40325021743774414
0.8094974756240845	1.4008413553237915	-0.32417306303977966	0.135984405875206	-1.5936545133590698	-0.19000917673110962	0.7674502730369568	1.035862684249878	1.5248024463653564	1.407098650932312	-0.7980119585990906	-0.7306272983551025	-0.5062923431396484	-0.5635003447532654	0.3281218111515045	0.34733110666275024	0.49174779653549194	-1.2590023279190063	-0.7591231465339661	-2.582653760910034	-0.9292996525764465	-1.3526532649993896	-1.35427725315094	0.13779033720493317	-0.04074948653578758	-0.6542862057685852	1.8063316345214844	-0.2181989699602127	0.35936489701271057	0.09942995011806488	-0.5788092017173767
1.3156861066818237	-0.5116046071052551	-0.8314390778541565	0.45010876655578613	1.0052385330200195	0.7153703570365906	-0.4876660406589508	-0.6468912959098816	0.5075262784957886	0.0784946158528328	-0.6404245495796204	0.7225744724273682	-0.2396979182958603	0.981350839138031	0.14875490963459015	0.6518294215202332	-1.0812833309173584	-0.5891678333282471	-1.3058812618255615	0.07938040047883987	0.7179703712463379	-1.7320412397384644	-1.7816898822784424	0.7374333739280701	-1.162049412727356	-2.4413084983825684	0.20738720893859863	-2.262188673019409	0.37724950909614563	2.3437891006469727	0.7581492066383362
-1.3479784727096558	2.362877368927002	0.08538512885570526	1.9907275438308716	-0.6056823134422302	-0.2654954195022583	-0.02129727229475975	-0.48151707649230957	-0.5691879391670227	1.535876989364624	-1.4520270824432373	-2.0287513732910156	-0.9283801317214966	-0.49431490898132324	-0.5440879464149475	-0.9359438419342041	-1.9745440483093262	1.9679489135742188	0.9853420853614807	-2.0556440353393555	0.18850097060203552	-0.12859943509101868	-1.0145388841629028	0.7882144451141357	0.7696980834007263	0.7372032999992371	-1.4721733331680298	-0.07159115374088287	-0.9280440211296082	0.4442208409309387	-2.7852866649627686
1.0955414772033691	-0.29754379391670227	0.26728981733322144	0.6354381442070007	0.9022825956344604	0.633902370929718	1.309591293334961	-0.3662780225276947	-1.4835114479064941	-2.216033935546875	-1.2412532567977905	-0.18308420479297638	1.97091543674469	0.11269714683294296	1.707731008529663	-0.3529081344604492	1.7378923892974854	1.991315484046936	0.38966578245162964	-0.38733047246932983	0.49071040749549866	-0.9517451524734497	0.4635666310787201	0.7200863361358643	-0.8616471290588379	0.15746444463729858	2.0667083263397217	-1.1964290142059326	-0.8968467712402344	-0.2144635170698166	0.3118484318256378
0.08187289535999298	-1.0125309228897095	0.43391114473342896	0.11891470104455948	-1.4134386777877808	0.06560149788856506	0.7012637257575989	0.08182056248188019	-0.6066603660583496	-2.1374552249908447	-1.3248775005340576	-0.4184843897819519	-1.2341595888137817	0.7040873169898987	-0.6878246665000916	0.8164910078048706	-0.3283231556415558	0.856253445148468	-0.7690572738647461	0.6468664407730103	-1.5523381233215332	-0.5238014459609985	-0.7064414620399475	-0.7105766534805298	-0.010999742895364761	1.1683624982833862	0.7405027747154236	-0.8928402066230774	-0.6723425388336182	-1.2891654968261719	-0.8539288640022278
-0.8493165969848633	1.8831770420074463	0.6862051486968994	-1.0015344619750977	0.6951714158058167	-0.3342733681201935	0.16094715893268585	0.02188948728144169	-0.27472954988479614	0.11189726740121841	-1.3744633197784424	-0.9071149826049805	-0.22100813686847687	0.9643672704696655	0.3845144212245941	0.8962936401367188	-1.6546255350112915	1.916977882385254	-0.49161356687545776	0.04057685658335686	-1.2679325342178345	-0.4658091962337494	1.9893791675567627	-1.2746139764785767	0.7046709060668945	0.05594412982463837	1.1180758476257324	-2.189283609390259	0.35165247321128845	1.1828197240829468	-1.1871353387832642
0.852879524230957	1.6018420457839966	-0.48519977927207947	-0.3558923900127411	-0.5054090023040771	-1.8943731784820557	0.11141196638345718	0.6272357106208801	-0.9761140942573547	-0.36614829301834106	-0.6471269726753235	1.4314638376235962	0.6179290413856506	0.25108444690704346	-0.10248719900846481	1.6004843711853027	-0.09338504821062088	0.06716994941234589	-0.07797916233539581	-0.38399091362953186	0.7694995999336243	-0.4853038787841797	-1.825342059135437	0.9531340003013611	-1.0882458686828613	-0.9574572443962097	-0.49228012561798096	0.04669508710503578	-1.4790306091308594	-0.4139728844165802	-0.8095228672027588
-0.7082839608192444	-1.1423012018203735	-0.9334409236907959	-1.73710036277771	0.03222644329071045	-2.169232130050659	1.8872201442718506	0.1863851696252823	0.08700143545866013	1.670438528060913	-0.5114026069641113	-0.5733538866043091	1.1242787837982178	0.8723171353340149	-0.47210919857025146	-0.10218758881092072	0.32443153858184814	-1.7255123853683472	1.2761998176574707	0.3835360109806061	-2.104468584060669	-0.8351999521255493	0.4921264350414276	-0.13935597240924835	-0.2853885293006897	-0.33907613158226013	0.8626323342323303	-0.7877877354621887	0.20453141629695892	0.4087931513786316	-0.3678928017616272
-0.8620259165763855	0.11192455887794495	1.477343201637268	0.3877341151237488	-0.7999657988548279	-0.40524330735206604	-1.2552813291549683	0.34924086928367615	-1.59195077419281	1.2396657466888428	1.349360704421997	-0.6321273446083069	1.7897781133651733	-2.545992612838745	0.36399543285369873	-0.6319400072097778	1.6834980249404907	-0.5468103885650635	-0.36351650953292847	-1.0959259271621704	-0.7484384179115295	0.5619946122169495	1.0375157594680786	0.41895368695259094	0.2289007306098938	-1.190144658088684	-0.22117801010608673	0.492763489484787	0.8826307654380798	0.20242854952812195	1.8177236318588257
3.5635132789611816	-0.281811386346817	0.24345438182353973	0.6157980561256409	0.053169477730989456	-0.1547875553369522	0.49321994185447693	-0.21489807963371277	-0.643907368183136	0.33656415343284607	-1.3508652448654175	-1.2504323720932007	1.1114622354507446	-1.556822419166565	0.8530052304267883	0.17809844017028809	-0.6260481476783752	-0.019848652184009552	-0.8174930214881897	0.2771033048629761	-0.16118250787258148	0.37827587127685547	3.21985125541687	0.9429178237915039	-0.7780523896217346	-1.0669828653335571	-1.24626886844635	-0.5445611476898193	-1.0294815301895142	-0.6488463282585144	1.1850545406341553
0.5246193408966064	0.7452259659767151	-1.0742974281311035	0.19539719820022583	0.8093107342720032	-1.169052243232727	1.3606044054031372	1.0919510126113892	0.37177276611328125	-0.2184600979089737	-0.3229445517063141	-1.3044662475585938	1.9832745790481567	-0.1677839607000351	0.2119588553905487	-1.345331072807312	-1.0439867973327637	-1.6449781656265259	-0.9315235018730164	0.14036916196346283	0.20764994621276855	1.046859860420227	-2.9874930381774902	3.2021212577819824	-0.6513711810112	-1.649135708808899	0.07641521841287613	0.13222797214984894	-1.754790186882019	-0.3983302414417267	-0.7994811534881592
-0.6564503312110901	0.2958061695098877	0.4868536591529846	0.4131963849067688	0.24976497888565063	0.7836330533027649	0.018094927072525024	0.39950260519981384	-0.9542130827903748	0.5438501238822937	0.4486185908317566	0.8686079978942871	0.6200861930847168	2.049901247024536	1.1328463554382324	0.8152011632919312	0.9790913462638855	0.026066383346915245	1.586071252822876	-0.7664348483085632	0.9644402861595154	-0.38947635889053345	-0.061665505170822144	1.2700097560882568	-0.36795613169670105	0.22023151814937592	-1.9000535011291504	-0.07119087129831314	0.32685720920562744	0.4240821599960327	0.2824416160583496
0.026180822402238846	0.7267422676086426	-0.007589766290038824	-0.0017834734171628952	-0.10954051464796066	0.6946444511413574	1.1994903087615967	0.08530833572149277	-1.7324389219284058	-0.7282035946846008	0.893503725528717	0.3803673982620239	0.520319938659668	1.0736318826675415	-0.4322992265224457	-0.6132962703704834	-0.5405259132385254	0.10448793321847916	0.43399283289909363	-0.058238573372364044	1.8177614212036133	-1.1355130672454834	-0.5293561220169067	-0.011223774403333664	-1.5989881753921509	0.7548990249633789	-2.2219626903533936	0.6830248832702637	-1.2635979652404785	1.1805392503738403	-1.7756794691085815
0.1452995091676712	0.4852980077266693	0.8096908330917358	0.15031644701957703	-0.5978697538375854	-2.282041311264038	1.418210506439209	0.49070659279823303	-0.9621179103851318	0.47699692845344543	0.24680331349372864	1.1321338415145874	-0.8428615927696228	-1.5356193780899048	0.8709969520568848	0.32881858944892883	-0.8432063460350037	-0.18156374990940094	0.7196095585823059	-0.8266884088516235	0.8299485445022583	-0.11478380113840103	-0.24088840186595917	-2.0237762928009033	-0.10908760130405426	2.100257635116577	0.12485439330339432	-0.8167089819908142	1.6922378540039062	-0.4470222294330597	-0.4350951611995697
1.004234790802002	-0.8562430143356323	-1.0019071102142334	-0.8184757828712463	1.043342113494873	-0.8146888017654419	-0.1568364053964615	0.07048245519399643	-1.5929628610610962	1.466384768486023	0.7708784341812134	1.1161973476409912	-0.4475971758365631	-0.9546045064926147	-0.23613962531089783	0.5877973437309265	1.5380738973617554	-1.4323655366897583	-0.12451004981994629	-1.1494024991989136	0.8123606443405151	-0.4641885459423065	0.3657405972480774	-1.0715677738189697	-0.8073947429656982	-2.1606431007385254	-0.2899371087551117	0.19519321620464325	1.8659511804580688	1.2988059520721436	-1.595381259918213
-1.1568325757980347	-0.6632851958274841	0.9533635973930359	-0.893366277217865	0.17795267701148987	0.17798899114131927	-1.5076552629470825	-1.0299797058105469	1.0197653770446777	0.9911062121391296	-1.7662417888641357	-0.46881794929504395	-2.4619247913360596	2.085287094116211	0.9956309795379639	0.07175742834806442	-0.22533796727657318	-0.7853547930717468	-1.7335398197174072	-0.4439585208892822	-0.20885342359542847	0.4674986004829407	1.187101125717163	0.09821496903896332	-0.7906464338302612	0.9214529991149902	3.716378927230835	-0.3562511205673218	-0.12446236610412598	1.021419882774353	-0.5031937956809998
1.8507124185562134	0.865914523601532	-0.779509425163269	-0.6635756492614746	1.3621243238449097	-1.0921745300292969	1.5448211431503296	0.20842720568180084	-0.8315441012382507	-0.6478084325790405	0.6731233596801758	1.0063644647598267	0.2031448483467102	-1.308822751045227	1.3080031871795654	-0.9796597361564636	-0.7798005938529968	-0.13047531247138977	-1.2323981523513794	0.6384651064872742	0.9889190196990967	-1.2787606716156006	1.0772151947021484	-0.09942617267370224	-0.23793423175811768	-0.4500601589679718	0.0007795438286848366	0.45439115166664124	0.45347192883491516	-0.8318127989768982	-0.43902623653411865
-0.3357561528682709	0.8298282623291016	0.2454002946615219	-0.43237486481666565	-0.4311877489089966	-0.2003915160894394	0.0704941675066948	1.1322282552719116	-0.12909379601478577	0.8407312631607056	1.2032697200775146	-0.4815080463886261	0.008046066388487816	-0.7636329531669617	-0.6936658620834351	-1.1100493669509888	0.36778920888900757	-1.40203058719635	-1.5331635475158691	-0.37004074454307556	0.7942254543304443	-1.0719186067581177	0.4715103209018707	0.13767682015895844	-0.03598213568329811	0.9971679449081421	0.6432720422744751	0.2781493663787842	0.045752305537462234	1.0757871866226196	0.34138023853302
1.297348976135254	1.2924683094024658	1.249971866607666	0.9996542930603027	-0.6267780065536499	-1.3444042205810547	-0.47980114817619324	0.2997865378856659	0.8448343276977539	0.6820897459983826	-0.2857600450515747	0.7362993359565735	-0.1216108500957489	-0.28230372071266174	1.989474892616272	0.8015292882919312	0.18959690630435944	-1.6198899745941162	1.0327694416046143	-0.39235061407089233	-0.5047817230224609	2.082665205001831	0.36443451046943665	0.04550274834036827	0.4446624219417572	-1.047652244567871	0.21306176483631134	1.0086783170700073	1.3651096820831299	-0.06613194942474365	-0.42818883061408997
1.0251045227050781	0.9328566789627075	1.5280396938323975	-0.03288313373923302	-0.6561248302459717	1.4499167203903198	-2.033738374710083	-0.19521288573741913	-0.6150947213172913	1.5446974039077759	0.6414381861686707	-0.3457986116409302	-0.2342350035905838	-0.813650369644165	-0.2749525308609009	-1.5902862548828125	0.6692000031471252	-0.5349938273429871	1.8732974529266357	-1.3442440032958984	-1.52341628074646	-0.5976674556732178	-0.09261255711317062	-0.402031809091568	-0.606314480304718	-0.5072564482688904	0.3032445013523102	0.031099921092391014	0.18870067596435547	1.0717084407806396	-0.407299280166626
-0.238154798746109	0.1347278505563736	-1.1615533828735352	-0.13521672785282135	-0.1832006871700287	-1.5764235258102417	0.059378787875175476	-1.8244520425796509	1.3083581924438477	2.3355205059051514	-0.023775137960910797	-0.7475221157073975	0.26366525888442993	-0.7998601794242859	-1.4827872514724731	-1.9700896739959717	1.843968152999878	-2.042933225631714	0.19798409938812256	-1.172333002090454	0.47660335898399353	0.16532708704471588	1.1091216802597046	-0.6348438262939453	-0.14544256031513214	-0.6952627301216125	-0.2796741724014282	-0.5981602668762207	0.45523613691329956	-0.16485364735126495	-0.171320378780365
-0.13968206942081451	-0.048461586236953735	1.3894836902618408	1.027557611465454	0.24240542948246002	1.5369926691055298	0.45571568608283997	0.40586069226264954	0.10908053815364838	-0.6574288606643677	1.39351487159729	-1.0580549240112305	1.6326111555099487	1.0983647108078003	-0.07479136437177658	-0.7206051349639893	-0.9874200224876404	1.605466365814209	-0.1254284679889679	1.2511460781097412	0.10004512965679169	1.0467853546142578	0.3396422266960144	1.539418339729309	0.33481428027153015	0.666685163974762	1.118213415145874	2.3079988956451416	-0.38544878363609314	-0.31979072093963623	0.40040984749794006
0.46983063220977783	-1.1758986711502075	-1.7169740200042725	-1.4411201477050781	0.9390800595283508	-1.1489251852035522	0.5773495435714722	-1.3925405740737915	0.4824950695037842	-1.7684228420257568	0.5062179565429688	-0.6076799035072327	-0.3983389437198639	1.4284917116165161	1.6851311922073364	0.682757556438446	0.9811782836914062	1.2505805492401123	0.82598477602005	-0.682211697101593	0.43915441632270813	-1.3029701709747314	0.7840535044670105	-0.8942388892173767	-0.7732142806053162	0.039344169199466705	-0.734086811542511	-1.341668725013733	1.4669550657272339	1.1545993089675903	0.38834506273269653
-0.7565093040466309	1.0340180397033691	-1.1237784624099731	-0.7046116590499878	1.2817481756210327	-0.7221683859825134	-0.37995243072509766	0.028427887707948685	-1.420235514640808	0.4017547070980072	0.9534580707550049	-1.684552788734436	-0.07766302675008774	-1.1453503370285034	-0.35356512665748596	-0.8786203861236572	-2.01011323928833	-0.17282313108444214	0.5102155804634094	-1.0898003578186035	-0.6676653623580933	-1.9817883968353271	1.2217504978179932	-1.7463674545288086	1.133975625038147	-0.7247971892356873	-0.25022149085998535	1.6311482191085815	-1.6174812316894531	-0.7338970899581909	-0.38382256031036377
0.14623060822486877	1.4121184349060059	-0.6291152238845825	-1.4569154977798462	-0.9040105938911438	0.8038857579231262	-0.6742578744888306	-1.2975566387176514	-0.8939486742019653	-0.5311509966850281	-1.084747076034546	1.3222512006759644	-0.0748358815908432	0.9353049993515015	1.0188746452331543	-0.1825689673423767	-2.3693270683288574	0.06893177330493927	-0.17980338633060455	-1.0710110664367676	-1.0399384498596191	-0.24193325638771057	2.9209794998168945	-0.11388532817363739	1.1238034963607788	-0.2631348669528961	0.611588716506958	-0.3663404583930969	-0.34561604261398315	0.6301252245903015	0.43807709217071533
-0.49265536665916443	0.38544192910194397	-2.452709674835205	0.01713431626558304	-0.17008861899375916	-0.6336163282394409	1.9932947158813477	-1.672415018081665	0.9304144978523254	0.20903006196022034	0.48574814200401306	-1.2375895977020264	0.9114823341369629	0.2993602752685547	-0.4718860983848572	-1.328726053237915	-0.13291233777999878	-2.61820125579834	0.8192472457885742	1.0316725969314575	0.03659861162304878	-1.056201696395874	-0.48945721983909607	-0.22776977717876434	-0.12514188885688782	2.1765196323394775	0.6241044998168945	-1.5521129369735718	1.2038615942001343	-0.7200905680656433	-1.2859125137329102
-0.3480392098426819	1.418991208076477	0.4744727611541748	-0.5906333923339844	-0.002062146319076419	0.044452473521232605	1.2910127639770508	1.2417256832122803	1.2060022354125977	1.081953525543213	1.3985402584075928	-0.2128370851278305	-0.84317547082901	-1.3720695972442627	0.2652677893638611	-0.7885338068008423	-0.2479550540447235	0.18307852745056152	0.8216671943664551	-0.8660786747932434	0.6039597988128662	0.025438472628593445	-1.4028756618499756	0.2012375146150589	-1.0880355834960938	-1.1169569492340088	0.8021663427352905	1.236833930015564	0.6764452457427979	-0.9984048008918762	-0.8031639456748962
-1.8690979480743408	-0.3204781115055084	-1.5994936227798462	-2.0387606620788574	2.1297104358673096	1.19893217086792	0.31073445081710815	0.4035460352897644	-1.0386968851089478	0.630811333656311	0.4021844267845154	0.47244516015052795	0.8901943564414978	-0.8180629014968872	0.3592534065246582	0.6151754260063171	-0.6911710500717163	-1.2640119791030884	0.23668615520000458	-0.522843599319458	0.04936859384179115	-0.17212674021720886	0.9086766839027405	0.08210620284080505	1.325282096862793	-0.6400019526481628	-0.5034719109535217	0.13292837142944336	1.003893256187439	1.2099850177764893	-0.00858532078564167
-0.29880744218826294	0.05932747572660446	0.5410908460617065	-1.253010630607605	-0.5606985688209534	-0.04706375300884247	-1.2911549806594849	1.1190202236175537	-1.8155144453048706	0.7197259068489075	0.17794957756996155	-1.0909655094146729	-0.1550714373588562	0.016046836972236633	0.6814362406730652	0.04192265868186951	2.285322427749634	-2.2298474311828613	-1.1154838800430298	-0.39513498544692993	-0.18482069671154022	2.0231781005859375	3.620424509048462	0.8583666682243347	1.5959198474884033	0.6314494609832764	-0.8566268086433411	0.09511742740869522	-0.70799320936203	0.8172236680984497	1.1546063423156738
0.5159881711006165	-0.024106035009026527	2.0513269901275635	-0.6116831302642822	1.3347245454788208	-0.23461109399795532	-0.8391488194465637	-0.4127466678619385	-0.6716179847717285	0.1268576830625534	2.4767446517944336	0.8432479500770569	-0.2699321508407593	0.9803247451782227	1.1869122982025146	-0.5223004221916199	-0.16478818655014038	0.12536999583244324	-0.41544821858406067	0.9610955715179443	-2.712367296218872	-0.9473116397857666	-1.2102335691452026	1.1999602317810059	1.448356032371521	-0.7074424028396606	0.34568944573402405	-0.4230892062187195	-1.3619896173477173	-1.0248585939407349	-0.08509249240159988
0.42900538444519043	0.020732689648866653	-0.3262980282306671	-1.1416014432907104	-0.13356366753578186	-0.8136551976203918	0.5942268967628479	-0.5168594121932983	-0.2183174192905426	0.33836597204208374	0.8962039351463318	-0.5201943516731262	0.8394571542739868	-2.0671634674072266	2.0286142826080322	1.5694501399993896	-1.3032314777374268	-0.4575219452381134	0.10168016701936722	-2.983720541000366	-0.9057009816169739	-0.7703574299812317	0.7786383032798767	0.03593503311276436	-0.3507540225982666	0.9325893521308899	1.029054045677185	0.6044959425926208	-0.27563247084617615	-0.07843557745218277	0.1517123579978943
-0.6668886542320251	0.04832008108496666	0.3117462694644928	-1.5581027269363403	0.012654216028749943	-1.416563868522644	0.6266924738883972	1.163232684135437	1.8720329999923706	1.7584770917892456	-0.8085477948188782	-0.5103511214256287	0.48901841044425964	-0.1285446733236313	-0.6154564023017883	0.00043128247489221394	0.8050733804702759	-0.581866979598999	0.4359435737133026	0.1688140630722046	-1.0233819484710693	0.722343385219574	0.7845823764801025	-0.6491599678993225	-0.9453941583633423	-1.3714535236358643	-2.0211853981018066	1.2900846004486084	0.9266377091407776	0.4407116174697876	0.6343335509300232
0.2831283211708069	0.5747807025909424	0.4080098271369934	0.9915655851364136	0.014300250448286533	-0.6132505536079407	0.03363673388957977	-0.1401868760585785	0.902120053768158	-1.3610765933990479	-0.7389622330665588	1.5252776145935059	-1.3167798519134521	-0.9445930123329163	-0.2664561867713928	2.7494728565216064	0.5029014348983765	0.27848386764526367	-0.28264543414115906	-0.13239845633506775	0.28778865933418274	-1.184895634651184	-2.3570926189422607	-0.466189444065094	0.3525896966457367	0.2961903214454651	0.019289633259177208	-0.12798413634300232	2.3584842681884766	0.12899020314216614	-0.1757333129644394
0.749881386756897	-0.345378041267395	-1.7851083278656006	-0.9319055080413818	1.0031912326812744	-0.32297295331954956	-0.060369521379470825	-0.6392378807067871	0.9852014780044556	0.3631000816822052	-0.06532684713602066	0.21830308437347412	0.013414483517408371	-0.16009487211704254	0.5649253129959106	1.1565887928009033	1.3829501867294312	-0.6987420916557312	-0.6553304195404053	0.4813913404941559	0.7456046938896179	-1.0820950269699097	1.6034431457519531	-0.3923393487930298	0.35248053073883057	0.10520565509796143	0.4823649227619171	-1.3373658657073975	1.0659937858581543	-0.44415998458862305	0.34681546688079834
-0.46180954575538635	0.6809719800949097	0.26181015372276306	-0.3817472457885742	-1.7139827013015747	1.1337164640426636	1.6023422479629517	0.5079684257507324	1.8940869569778442	-1.18259859085083	0.02888576127588749	-0.830020010471344	0.3333645164966583	-1.2789682149887085	-1.1795005798339844	0.5582340359687805	0.0030466562602669	-0.5306529998779297	1.8093059062957764	2.073402166366577	-1.536673665046692	0.9728980660438538	-0.49101683497428894	-1.175390362739563	-0.6608292460441589	0.7580592632293701	0.3550780117511749	-0.8876804709434509	-2.0740270614624023	-0.3330376446247101	-1.2914347648620605
0.041688188910484314	0.752013623714447	0.6498985886573792	-0.35632848739624023	0.6735535860061646	1.116435170173645	-0.30368658900260925	0.433310866355896	0.06751027703285217	0.6757517457008362	0.41142743825912476	-0.8756265044212341	-0.25730931758880615	-0.5478368997573853	-0.5881787538528442	-0.9775853157043457	1.172946572303772	-0.9574118852615356	-0.22321771085262299	-0.01271697599440813	-0.5632723569869995	-0.7091454863548279	-0.08713357150554657	-0.383642315864563	-0.6995793581008911	0.7517483234405518	1.3444665670394897	-0.23923316597938538	-0.6311964988708496	-0.5296512842178345	-1.7616422176361084
